kind,reuse_distance_calls,reuse_distance_steps,page_calls
file,1,0,180347
file,1,1,9146508
file,1,2,100183
file,1,3,31480
file,2,0,511
file,2,1,6214
file,2,2,634323
file,2,3,9946
file,2,4,743
file,2,5,19
file,3,0,12
file,3,1,382
file,3,2,529
file,3,3,244441
file,3,4,2461
file,3,5,882
file,3,6,90
file,3,7,2
file,4,1,32
file,4,2,399
file,4,3,123
file,4,4,128192
file,4,5,2468
file,4,6,841
file,4,7,79
file,4,8,5
file,5,1,12
file,5,2,51
file,5,3,50
file,5,4,45
file,5,5,93309
file,5,6,1555
file,5,7,148
file,5,8,6
file,5,9,90
file,6,2,137
file,6,3,8
file,6,4,74
file,6,5,423
file,6,6,46940
file,6,7,6288
file,6,8,834
file,6,9,2
file,6,10,2
file,7,2,4
file,7,3,21
file,7,4,26
file,7,5,101
file,7,6,4752
file,7,7,42231
file,7,8,398
file,7,9,102
file,7,10,3
file,7,11,84
file,8,3,3
file,8,4,24
file,8,5,8
file,8,6,37
file,8,7,125
file,8,8,39501
file,8,9,230
file,8,10,32
file,8,11,17
file,8,12,2
file,9,5,12
file,9,6,3
file,9,7,93
file,9,8,19
file,9,9,19810
file,9,10,178
file,9,11,114
file,9,12,1
file,9,13,18
file,10,5,33
file,10,6,6
file,10,7,5
file,10,8,73
file,10,9,51
file,10,10,24209
file,10,11,3488
file,10,12,138
file,10,13,22
file,11,6,1
file,11,7,3
file,11,9,3
file,11,10,9
file,11,11,30988
file,11,12,120
file,11,13,72
file,11,14,4
file,11,15,10
file,12,8,2
file,12,10,2
file,12,11,20
file,12,12,9516
file,12,13,896
file,12,14,84
file,12,15,3
file,13,9,2
file,13,10,1
file,13,11,1
file,13,12,11
file,13,13,14345
file,13,14,384
file,13,15,14
file,13,16,2
file,14,10,1
file,14,11,1
file,14,12,6
file,14,13,7
file,14,14,8221
file,14,15,1813
file,14,16,2
file,14,17,1
file,14,18,29
file,15,10,4
file,15,12,3
file,15,13,2
file,15,14,7
file,15,15,3662
file,15,16,33
file,15,17,1
file,15,19,6
file,16,11,2
file,16,14,12
file,16,15,15
file,16,16,4469
file,16,17,150
file,16,18,10
file,16,20,1
file,17,12,8
file,17,13,1
file,17,14,2
file,17,15,4
file,17,16,6
file,17,17,2428
file,17,18,312
file,17,19,3
file,17,20,1
file,17,21,2
file,18,14,3
file,18,16,6
file,18,17,8
file,18,18,7867
file,18,19,438
file,18,20,13
file,18,22,8
file,19,15,5
file,19,16,1
file,19,17,5
file,19,18,7
file,19,19,3077
file,19,20,94
file,19,21,13
file,19,22,1
file,20,15,8
file,20,17,1
file,20,18,286
file,20,19,6
file,20,20,5424
file,20,21,891
file,20,22,2
file,20,24,3
file,21,17,5
file,21,19,2
file,21,20,6
file,21,21,3195
file,21,22,36
file,21,23,14
file,21,25,1
file,22,18,2
file,22,20,2
file,22,21,1
file,22,22,2969
file,22,23,124
file,22,24,2
file,22,26,2
file,23,21,3
file,23,22,1
file,23,23,4969
file,23,24,28
file,23,25,33
file,23,27,3
file,24,19,2
file,24,20,1
file,24,21,1
file,24,22,46
file,24,23,4
file,24,24,1741
file,24,25,19
file,24,26,6159
file,24,28,838
file,25,25,1501
file,25,26,44
file,25,27,56
file,25,29,3
file,26,24,1
file,26,25,1
file,26,26,814
file,26,27,745
file,26,28,18
file,27,24,3
file,27,26,1
file,27,27,388
file,27,28,271
file,27,29,1
file,27,31,2
file,28,28,1149
file,28,29,70
file,28,30,227
file,28,31,33
file,28,32,76
file,29,25,1
file,29,28,1
file,29,29,1055
file,29,30,14
file,29,31,15
file,30,28,1
file,30,29,2
file,30,30,10366
file,30,31,41
file,31,29,1
file,31,30,7
file,31,31,228
file,31,32,25
file,31,34,1
file,32,32,5759
file,32,33,10
file,32,34,6
file,33,30,11
file,33,33,5988
file,33,34,105
file,33,35,90
file,34,33,2
file,34,34,10304
file,34,35,3
file,34,36,1
file,34,39,1
file,35,35,1014
file,36,32,5
file,36,35,1
file,36,36,1309
file,36,37,149
file,36,40,1
file,37,37,131
file,37,38,67
file,37,41,3
file,38,38,295
file,38,40,1
file,39,39,46
file,39,40,1339
file,40,36,4
file,40,40,743
file,40,41,5
file,41,37,1
file,41,41,223
file,41,42,82
file,42,42,47
file,42,43,54
file,43,43,560
file,43,44,36
file,44,44,161
file,44,45,14
file,45,45,91
file,45,46,5
file,45,50,11
file,46,43,1
file,46,46,121
file,46,47,29
file,47,43,3
file,47,47,35
file,47,48,1537
file,48,48,1315
file,48,49,190
file,49,49,51
file,49,50,6
file,50,50,40
file,50,51,133
file,51,49,1
file,51,51,534
file,51,52,22
file,52,52,38
file,52,53,10
file,53,53,123
file,54,53,1
file,54,54,18
file,54,55,3
file,55,55,146
file,55,56,1
file,56,56,3
file,56,57,7
file,57,57,44
file,58,58,1520
file,58,59,1
file,59,55,1
file,59,59,2692
file,59,60,22
file,60,59,9
file,60,60,37
file,60,61,15
file,61,61,6
file,62,63,1
file,63,63,9
file,64,65,9
file,65,65,53
file,65,66,41
file,66,66,2
file,66,67,336
file,67,67,10
file,67,68,4
file,68,68,4
file,69,70,67
file,70,70,1651
file,70,71,1
file,71,71,31
file,71,72,16
file,72,72,10
file,72,73,1
file,73,73,4
file,73,74,16
file,74,74,14
file,74,75,7
file,75,75,2
file,76,76,4491
file,76,77,27
file,77,77,206
file,77,78,1
file,78,79,3
file,79,79,7
file,79,80,6
file,80,80,6
file,82,82,3
file,82,83,22
file,83,83,6
file,83,84,204
file,84,84,2
file,85,86,1
file,86,86,4
file,87,87,1
file,87,88,1
file,89,89,19
file,89,90,1
file,91,91,7
file,92,92,5
file,95,96,8
file,96,97,27
file,99,99,3
file,99,100,1
file,100,101,3
file,101,102,183
file,102,103,56
file,103,104,8
file,105,106,12
file,107,108,11
file,108,109,7
file,109,110,9
file,110,111,427
file,112,113,7
file,113,114,6
file,114,115,55
file,115,116,1
file,116,117,19
file,117,118,4
file,118,119,4
file,119,120,1
file,120,121,4
file,123,124,1
file,125,125,1
file,125,126,105
file,127,127,15
file,130,130,6
file,131,131,2
file,135,136,16
file,136,137,4
file,137,138,8
file,139,140,1
file,141,142,4
file,143,144,4
file,151,151,2
file,152,153,5
file,153,154,7
file,155,156,5
file,157,158,6
file,164,165,6
file,170,171,1
file,178,179,3
file,180,181,3
file,189,190,3
file,193,194,1
file,196,197,1
file,209,210,1
file,228,229,2
