run,task_id,calls,all_page_uses,all_reuse_fraction,all_per_call_mean,cache_page_uses,cache_reuse_fraction,cache_per_call_mean,file_page_uses,file_reuse_fraction,file_per_call_mean,shm_page_uses,shm_reuse_fraction,shm_per_call_mean,mapped_page_uses,mapped_reuse_fraction,mapped_per_call_mean,anon_page_uses,anon_reuse_fraction,anon_per_call_mean
qwen-run-20260923T053154Z-PF12hU,astropy__astropy-12907,11,67262,0.5802533376943891,0.7822737207867061,67262,0.5802533376943891,0.7822737207867061,67262,0.5802533376943891,0.7822737207867061,0,,,0,,,0,,
qwen-run-20260923T053154Z-PF12hU,astropy__astropy-13033,39,159832,0.8310851393963662,0.9308114212072676,159832,0.8310851393963662,0.9308114212072676,159832,0.8310851393963662,0.9308114212072676,0,,,0,,,0,,
qwen-run-20260923T053154Z-PF12hU,astropy__astropy-13236,17,99221,0.6178732324810272,0.7990890908995364,99221,0.6178732324810272,0.7990890908995364,99221,0.6178732324810272,0.7990890908995364,0,,,0,,,0,,
qwen-run-20260923T053154Z-PF12hU,astropy__astropy-13398,32,147565,0.8727272727272727,0.9205454743188093,147565,0.8727272727272727,0.9205454743188093,147565,0.8727272727272727,0.9205454743188093,0,,,0,,,0,,
qwen-run-20260923T053154Z-PF12hU,astropy__astropy-13453,54,204988,0.8444104045114836,0.9365704999376385,204988,0.8444104045114836,0.9365704999376385,204988,0.8444104045114836,0.9365704999376385,0,,,0,,,0,,
qwen-run-20260923T053154Z-PF12hU,astropy__astropy-13579,20,107120,0.7391150112023899,0.8734382249527866,107120,0.7391150112023899,0.8734382249527866,107120,0.7391150112023899,0.8734382249527866,0,,,0,,,0,,
qwen-run-20260923T053154Z-PF12hU,astropy__astropy-13977,38,219768,0.7585908776527975,0.9227242233419066,219768,0.7585908776527975,0.9227242233419066,219768,0.7585908776527975,0.9227242233419066,0,,,0,,,0,,
qwen-run-20260923T053154Z-PF12hU,astropy__astropy-14096,56,320172,0.9024055819996751,0.945007644274048,320172,0.9024055819996751,0.945007644274048,320172,0.9024055819996751,0.945007644274048,0,,,0,,,0,,
qwen-run-20260923T053154Z-PF12hU,astropy__astropy-14182,55,321149,0.902895540699177,0.947688317800469,321149,0.902895540699177,0.947688317800469,321149,0.902895540699177,0.947688317800469,0,,,0,,,0,,
qwen-run-20260923T053154Z-PF12hU,astropy__astropy-14309,64,293616,0.9011089313933845,0.9485921561225833,293616,0.9011089313933845,0.9485921561225833,293616,0.9011089313933845,0.9485921561225833,0,,,0,,,0,,
qwen-run-20260923T053154Z-PF12hU,astropy__astropy-14365,11,58099,0.5417132825005594,0.7807825478027275,58099,0.5417132825005594,0.7807825478027275,58099,0.5417132825005594,0.7807825478027275,0,,,0,,,0,,
qwen-run-20260923T053154Z-PF12hU,astropy__astropy-14369,4,16168,0.5887555665512123,0.675739561373633,16168,0.5887555665512123,0.675739561373633,16168,0.5887555665512123,0.675739561373633,0,,,0,,,0,,
qwen-run-20260923T053154Z-PF12hU,astropy__astropy-14508,30,141607,0.8256442125036192,0.910015476998785,141607,0.8256442125036192,0.910015476998785,141607,0.8256442125036192,0.910015476998785,0,,,0,,,0,,
qwen-run-20260923T053154Z-PF12hU,astropy__astropy-14539,183,777496,0.9649631637976273,0.9845127688513908,777496,0.9649631637976273,0.9845127688513908,777496,0.9649631637976273,0.9845127688513908,0,,,0,,,0,,
qwen-run-20260923T053154Z-PF12hU,astropy__astropy-14598,20,83810,0.7536212862426918,0.8936111040444908,83810,0.7536212862426918,0.8936111040444908,83810,0.7536212862426918,0.8936111040444908,0,,,0,,,0,,
qwen-run-20260923T053154Z-PF12hU,astropy__astropy-14995,36,167893,0.8202962601180513,0.9044065624853983,167893,0.8202962601180513,0.9044065624853983,167893,0.8202962601180513,0.9044065624853983,0,,,0,,,0,,
qwen-run-20260923T053154Z-PF12hU,astropy__astropy-7166,44,244395,0.7673724912539127,0.925555986750674,244395,0.7673724912539127,0.925555986750674,244395,0.7673724912539127,0.925555986750674,0,,,0,,,0,,
qwen-run-20260923T053154Z-PF12hU,astropy__astropy-7336,21,98561,0.7847728817686509,0.8827693054214886,98561,0.7847728817686509,0.8827693054214886,98561,0.7847728817686509,0.8827693054214886,0,,,0,,,0,,
qwen-run-20260923T053154Z-PF12hU,astropy__astropy-7606,52,202336,0.8939140835046655,0.9523042899267931,202336,0.8939140835046655,0.9523042899267931,202336,0.8939140835046655,0.9523042899267931,0,,,0,,,0,,
qwen-run-20260923T053154Z-PF12hU,astropy__astropy-7671,24,104729,0.8017550057768145,0.9034897356847472,104729,0.8017550057768145,0.9034897356847472,104729,0.8017550057768145,0.9034897356847472,0,,,0,,,0,,
qwen-run-20260923T053154Z-PF12hU,astropy__astropy-8707,36,157856,0.826740827082911,0.9191444039894522,157856,0.826740827082911,0.9191444039894522,157856,0.826740827082911,0.9191444039894522,0,,,0,,,0,,
qwen-run-20260923T053154Z-PF12hU,astropy__astropy-8872,19,116890,0.8021900932500642,0.8833012376858091,116890,0.8021900932500642,0.8833012376858091,116890,0.8021900932500642,0.8833012376858091,0,,,0,,,0,,
qwen-run-20260923T053154Z-PF12hU,django__django-10097,45,168089,0.9307331235238475,0.955552701298158,168089,0.9307331235238475,0.955552701298158,168089,0.9307331235238475,0.955552701298158,0,,,0,,,0,,
qwen-run-20260923T053154Z-PF12hU,django__django-10554,25,94012,0.825437178232566,0.9043566787220265,94012,0.825437178232566,0.9043566787220265,94012,0.825437178232566,0.9043566787220265,0,,,0,,,0,,
qwen-run-20260923T053154Z-PF12hU,django__django-10880,54,236381,0.905229269695957,0.9451991090731886,236381,0.905229269695957,0.9451991090731886,236381,0.905229269695957,0.9451991090731886,0,,,0,,,0,,
qwen-run-20260923T053154Z-PF12hU,django__django-10914,11,75134,0.43739185987701973,0.7974667170913176,75134,0.43739185987701973,0.7974667170913176,75134,0.43739185987701973,0.7974667170913176,0,,,0,,,0,,
qwen-run-20260923T053154Z-PF12hU,django__django-10973,7,28557,0.6598032006163113,0.7732741446398366,28557,0.6598032006163113,0.7732741446398366,28557,0.6598032006163113,0.7732741446398366,0,,,0,,,0,,
qwen-run-20260923T053154Z-PF12hU,django__django-10999,23,109427,0.7317389675308653,0.9225946286493935,109427,0.7317389675308653,0.9225946286493935,109427,0.7317389675308653,0.9225946286493935,0,,,0,,,0,,
qwen-run-20260923T053154Z-PF12hU,django__django-11066,8,31235,0.7007843765007203,0.8023973632827459,31235,0.7007843765007203,0.8023973632827459,31235,0.7007843765007203,0.8023973632827459,0,,,0,,,0,,
qwen-run-20260923T053154Z-PF12hU,django__django-11087,21,104207,0.6198240041455948,0.8939494728148912,104207,0.6198240041455948,0.8939494728148912,104207,0.6198240041455948,0.8939494728148912,0,,,0,,,0,,
qwen-run-20260923T053154Z-PF12hU,django__django-11095,60,209492,0.9426231073262941,0.9623538885639912,209492,0.9426231073262941,0.9623538885639912,209492,0.9426231073262941,0.9623538885639912,0,,,0,,,0,,
qwen-run-20260923T053154Z-PF12hU,django__django-11099,21,81039,0.8055627537358556,0.9076758564587037,81039,0.8055627537358556,0.9076758564587037,81039,0.8055627537358556,0.9076758564587037,0,,,0,,,0,,
qwen-run-20260923T053154Z-PF12hU,django__django-11119,13,54658,0.698781514142486,0.8243042840086313,54658,0.698781514142486,0.8243042840086313,54658,0.698781514142486,0.8243042840086313,0,,,0,,,0,,
qwen-run-20260923T053154Z-PF12hU,django__django-11133,50,195513,0.9145171932301177,0.9509431981312078,195513,0.9145171932301177,0.9509431981312078,195513,0.9145171932301177,0.9509431981312078,0,,,0,,,0,,
qwen-run-20260923T053154Z-PF12hU,django__django-11138,20,70074,0.8589633815680566,0.9180721380864905,70074,0.8589633815680566,0.9180721380864905,70074,0.8589633815680566,0.9180721380864905,0,,,0,,,0,,
qwen-run-20260923T053154Z-PF12hU,django__django-11141,29,106007,0.8551699416076297,0.9118194615412762,106007,0.8551699416076297,0.9118194615412762,106007,0.8551699416076297,0.9118194615412762,0,,,0,,,0,,
qwen-run-20260923T053154Z-PF12hU,django__django-11149,65,297983,0.9358352657701949,0.9602745921132492,297983,0.9358352657701949,0.9602745921132492,297983,0.9358352657701949,0.9602745921132492,0,,,0,,,0,,
qwen-run-20260923T053154Z-PF12hU,django__django-11163,7,33201,0.5684768531068342,0.7701001417392593,33201,0.5684768531068342,0.7701001417392593,33201,0.5684768531068342,0.7701001417392593,0,,,0,,,0,,
qwen-run-20260923T053154Z-PF12hU,django__django-11179,10,37689,0.7556050837114278,0.8370777293598499,37689,0.7556050837114278,0.8370777293598499,37689,0.7556050837114278,0.8370777293598499,0,,,0,,,0,,
qwen-run-20260923T053154Z-PF12hU,django__django-11206,16,65060,0.8220258223178605,0.8690104845758927,65060,0.8220258223178605,0.8690104845758927,65060,0.8220258223178605,0.8690104845758927,0,,,0,,,0,,
qwen-run-20260923T053154Z-PF12hU,django__django-11211,63,269080,0.9313029582280363,0.9602985976441862,269080,0.9313029582280363,0.9602985976441862,269080,0.9313029582280363,0.9602985976441862,0,,,0,,,0,,
qwen-run-20260923T053154Z-PF12hU,django__django-11239,22,76339,0.8698437233917132,0.9220804344982878,76339,0.8698437233917132,0.9220804344982878,76339,0.8698437233917132,0.9220804344982878,0,,,0,,,0,,
qwen-run-20260923T073021Z-LtPzSb,django__django-11265,24,112616,0.656407615258933,0.9198144530258578,112616,0.656407615258933,0.9198144530258578,112616,0.656407615258933,0.9198144530258578,0,,,0,,,0,,
qwen-run-20260923T073021Z-LtPzSb,django__django-11276,83,322849,0.8967350061483852,0.9683720386267709,322849,0.8967350061483852,0.9683720386267709,322849,0.8967350061483852,0.9683720386267709,0,,,0,,,0,,
qwen-run-20260923T073021Z-LtPzSb,django__django-11292,26,94178,0.8509099789759816,0.9128598923870697,94178,0.8509099789759816,0.9128598923870697,94178,0.8509099789759816,0.9128598923870697,0,,,0,,,0,,
qwen-run-20260923T073021Z-LtPzSb,django__django-11299,63,233191,0.8965311697278197,0.9581009549413807,233191,0.8965311697278197,0.9581009549413807,233191,0.8965311697278197,0.9581009549413807,0,,,0,,,0,,
qwen-run-20260923T073021Z-LtPzSb,django__django-11333,20,73158,0.8525930178517729,0.9046950074788278,73158,0.8525930178517729,0.9046950074788278,73158,0.8525930178517729,0.9046950074788278,0,,,0,,,0,,
qwen-run-20260923T073021Z-LtPzSb,django__django-11400,43,167281,0.8365385190188963,0.9368701200536076,167281,0.8365385190188963,0.9368701200536076,167281,0.8365385190188963,0.9368701200536076,0,,,0,,,0,,
qwen-run-20260923T073021Z-LtPzSb,django__django-11433,55,189995,0.9467459669991316,0.9680994652055048,189995,0.9467459669991316,0.9680994652055048,189995,0.9467459669991316,0.9680994652055048,0,,,0,,,0,,
qwen-run-20260923T073021Z-LtPzSb,django__django-11451,18,66405,0.8089902868759883,0.8934982832532372,66405,0.8089902868759883,0.8934982832532372,66405,0.8089902868759883,0.8934982832532372,0,,,0,,,0,,
qwen-run-20260923T073021Z-LtPzSb,django__django-11477,78,308184,0.9338349816992446,0.9561240365997002,308184,0.9338349816992446,0.9561240365997002,308184,0.9338349816992446,0.9561240365997002,0,,,0,,,0,,
qwen-run-20260923T073021Z-LtPzSb,django__django-11490,27,104585,0.8400917913658746,0.9080525242782441,104585,0.8400917913658746,0.9080525242782441,104585,0.8400917913658746,0.9080525242782441,0,,,0,,,0,,
qwen-run-20260923T073021Z-LtPzSb,django__django-11532,61,244654,0.9400786416735472,0.9616480679060622,244654,0.9400786416735472,0.9616480679060622,244654,0.9400786416735472,0.9616480679060622,0,,,0,,,0,,
qwen-run-20260923T073021Z-LtPzSb,django__django-11551,9,40775,0.6458614347026365,0.7552476571858712,40775,0.6458614347026365,0.7552476571858712,40775,0.6458614347026365,0.7552476571858712,0,,,0,,,0,,
qwen-run-20260923T073021Z-LtPzSb,django__django-11555,58,206812,0.9193228632767925,0.9505100931024714,206812,0.9193228632767925,0.9505100931024714,206812,0.9193228632767925,0.9505100931024714,0,,,0,,,0,,
qwen-run-20260923T073021Z-LtPzSb,django__django-11603,4,14885,0.6382264024185421,0.7295399280375829,14885,0.6382264024185421,0.7295399280375829,14885,0.6382264024185421,0.7295399280375829,0,,,0,,,0,,
qwen-run-20260923T073021Z-LtPzSb,django__django-11728,32,217680,0.8101892686512312,0.921055291970412,217680,0.8101892686512312,0.921055291970412,217680,0.8101892686512312,0.921055291970412,0,,,0,,,0,,
qwen-run-20260923T073021Z-LtPzSb,django__django-11734,65,249994,0.8846932326375833,0.9645640416766246,249994,0.8846932326375833,0.9645640416766246,249994,0.8846932326375833,0.9645640416766246,0,,,0,,,0,,
qwen-run-20260923T073021Z-LtPzSb,django__django-11740,249,1322488,0.9505485115932999,0.9682883191668246,1322488,0.9505485115932999,0.9682883191668246,1322488,0.9505485115932999,0.9682883191668246,0,,,0,,,0,,
qwen-run-20260923T073021Z-LtPzSb,django__django-11749,29,131970,0.8645752822611199,0.9274599696554372,131970,0.8645752822611199,0.9274599696554372,131970,0.8645752822611199,0.9274599696554372,0,,,0,,,0,,
qwen-run-20260923T073021Z-LtPzSb,django__django-11790,19,72013,0.861427797758738,0.9469713644862594,72013,0.861427797758738,0.9469713644862594,72013,0.861427797758738,0.9469713644862594,0,,,0,,,0,,
qwen-run-20260923T073021Z-LtPzSb,django__django-11815,31,110194,0.8964734922046572,0.9316903377945984,110194,0.8964734922046572,0.9316903377945984,110194,0.8964734922046572,0.9316903377945984,0,,,0,,,0,,
qwen-run-20260923T073021Z-LtPzSb,django__django-11820,32,132971,0.8487564957772747,0.9043864154213405,132971,0.8487564957772747,0.9043864154213405,132971,0.8487564957772747,0.9043864154213405,0,,,0,,,0,,
qwen-run-20260923T073021Z-LtPzSb,django__django-11848,67,242787,0.9419861854217895,0.9607233168978094,242787,0.9419861854217895,0.9607233168978094,242787,0.9419861854217895,0.9607233168978094,0,,,0,,,0,,
qwen-run-20260923T073021Z-LtPzSb,django__django-11880,10,40018,0.7261982108051377,0.8162842782151751,40018,0.7261982108051377,0.8162842782151751,40018,0.7261982108051377,0.8162842782151751,0,,,0,,,0,,
qwen-run-20260923T073021Z-LtPzSb,django__django-11885,46,164022,0.9223579763690236,0.9491766036212781,164022,0.9223579763690236,0.9491766036212781,164022,0.9223579763690236,0.9491766036212781,0,,,0,,,0,,
qwen-run-20260923T073021Z-LtPzSb,django__django-11951,13,54182,0.7039238123362002,0.826468017488507,54182,0.7039238123362002,0.826468017488507,54182,0.7039238123362002,0.826468017488507,0,,,0,,,0,,
qwen-run-20260923T073021Z-LtPzSb,django__django-11964,248,967423,0.984164114353287,0.9898782108137046,967423,0.984164114353287,0.9898782108137046,967423,0.984164114353287,0.9898782108137046,0,,,0,,,0,,
qwen-run-20260923T073021Z-LtPzSb,django__django-11999,33,133078,0.8515832819850013,0.9115224742070744,133078,0.8515832819850013,0.9115224742070744,133078,0.8515832819850013,0.9115224742070744,0,,,0,,,0,,
