kind,reuse_distance_calls,reuse_distance_steps,page_calls,task_id
anon,1,0,1,astropy__astropy-12907
anon,1,1,9,astropy__astropy-12907
file,1,0,3307,astropy__astropy-12907
file,1,1,27663,astropy__astropy-12907
file,2,1,32,astropy__astropy-12907
file,2,2,249,astropy__astropy-12907
file,3,2,30,astropy__astropy-12907
file,3,3,7666,astropy__astropy-12907
file,4,3,19,astropy__astropy-12907
file,4,4,12,astropy__astropy-12907
file,5,4,2,astropy__astropy-12907
file,5,5,2,astropy__astropy-12907
file,6,5,2,astropy__astropy-12907
file,6,6,10,astropy__astropy-12907
file,7,6,8,astropy__astropy-12907
file,7,7,26,astropy__astropy-12907
file,10,9,1,astropy__astropy-12907
anon,1,1,37,astropy__astropy-13033
anon,1,3,1,astropy__astropy-13033
file,1,1,114334,astropy__astropy-13033
file,1,3,3127,astropy__astropy-13033
file,2,2,4814,astropy__astropy-13033
file,2,4,25,astropy__astropy-13033
file,3,3,1085,astropy__astropy-13033
file,3,5,19,astropy__astropy-13033
file,4,4,906,astropy__astropy-13033
file,4,6,751,astropy__astropy-13033
file,5,5,921,astropy__astropy-13033
file,5,7,9,astropy__astropy-13033
file,6,6,169,astropy__astropy-13033
file,6,8,74,astropy__astropy-13033
file,7,7,16,astropy__astropy-13033
file,7,9,4,astropy__astropy-13033
file,8,8,218,astropy__astropy-13033
file,8,10,2,astropy__astropy-13033
file,9,9,24,astropy__astropy-13033
file,9,11,19,astropy__astropy-13033
file,10,10,54,astropy__astropy-13033
file,10,12,1,astropy__astropy-13033
file,11,11,7,astropy__astropy-13033
file,11,13,2,astropy__astropy-13033
file,12,12,1,astropy__astropy-13033
file,12,14,74,astropy__astropy-13033
file,13,13,15,astropy__astropy-13033
file,13,15,2,astropy__astropy-13033
file,14,14,6,astropy__astropy-13033
file,14,16,1,astropy__astropy-13033
file,15,15,3,astropy__astropy-13033
file,16,18,2,astropy__astropy-13033
file,18,18,1,astropy__astropy-13033
file,18,20,8,astropy__astropy-13033
file,19,21,1,astropy__astropy-13033
file,21,23,3,astropy__astropy-13033
file,24,26,6132,astropy__astropy-13033
file,29,31,4,astropy__astropy-13033
anon,1,1,16,astropy__astropy-13236
file,1,1,53203,astropy__astropy-13236
file,2,2,3440,astropy__astropy-13236
file,3,3,687,astropy__astropy-13236
file,4,4,211,astropy__astropy-13236
file,5,5,78,astropy__astropy-13236
file,6,6,41,astropy__astropy-13236
file,7,7,7,astropy__astropy-13236
file,8,8,22,astropy__astropy-13236
file,9,9,5,astropy__astropy-13236
file,11,11,3541,astropy__astropy-13236
file,12,12,67,astropy__astropy-13236
file,13,13,3,astropy__astropy-13236
file,14,14,1,astropy__astropy-13236
anon,1,1,31,astropy__astropy-13398
file,1,1,106591,astropy__astropy-13398
file,2,2,12386,astropy__astropy-13398
file,3,3,5511,astropy__astropy-13398
file,4,4,428,astropy__astropy-13398
file,5,5,69,astropy__astropy-13398
file,6,6,114,astropy__astropy-13398
file,7,7,37,astropy__astropy-13398
file,8,8,3591,astropy__astropy-13398
file,9,9,10,astropy__astropy-13398
file,10,10,9,astropy__astropy-13398
file,12,12,5,astropy__astropy-13398
file,13,13,8,astropy__astropy-13398
file,15,15,4,astropy__astropy-13398
file,16,16,3,astropy__astropy-13398
file,17,17,1,astropy__astropy-13398
file,18,18,2,astropy__astropy-13398
file,19,19,6,astropy__astropy-13398
file,20,20,7,astropy__astropy-13398
file,23,23,2,astropy__astropy-13398
anon,1,1,53,astropy__astropy-13453
file,1,1,168386,astropy__astropy-13453
file,2,2,1839,astropy__astropy-13453
file,3,3,515,astropy__astropy-13453
file,4,4,227,astropy__astropy-13453
file,5,5,229,astropy__astropy-13453
file,6,6,40,astropy__astropy-13453
file,7,7,92,astropy__astropy-13453
file,8,8,68,astropy__astropy-13453
file,9,9,41,astropy__astropy-13453
file,10,10,17,astropy__astropy-13453
file,11,11,27,astropy__astropy-13453
file,12,12,16,astropy__astropy-13453
file,13,13,11,astropy__astropy-13453
file,14,14,6,astropy__astropy-13453
file,15,15,70,astropy__astropy-13453
file,16,16,7,astropy__astropy-13453
file,17,17,6,astropy__astropy-13453
file,18,18,2,astropy__astropy-13453
file,20,20,20,astropy__astropy-13453
file,21,21,10,astropy__astropy-13453
file,22,22,298,astropy__astropy-13453
file,23,23,18,astropy__astropy-13453
file,24,24,3,astropy__astropy-13453
file,25,25,1085,astropy__astropy-13453
file,26,26,1,astropy__astropy-13453
file,27,27,1,astropy__astropy-13453
file,29,29,1,astropy__astropy-13453
file,33,33,15,astropy__astropy-13453
file,34,34,1,astropy__astropy-13453
file,37,37,12,astropy__astropy-13453
file,41,41,1,astropy__astropy-13453
file,44,44,2,astropy__astropy-13453
file,47,47,3,astropy__astropy-13453
file,49,49,22,astropy__astropy-13453
file,50,50,1,astropy__astropy-13453
file,51,51,1,astropy__astropy-13453
anon,1,1,19,astropy__astropy-13579
file,1,1,60162,astropy__astropy-13579
file,2,2,10332,astropy__astropy-13579
file,3,3,944,astropy__astropy-13579
file,4,4,34,astropy__astropy-13579
file,5,5,235,astropy__astropy-13579
file,6,6,12,astropy__astropy-13579
file,7,7,45,astropy__astropy-13579
file,8,8,13,astropy__astropy-13579
file,9,9,2,astropy__astropy-13579
file,10,10,6523,astropy__astropy-13579
file,11,11,2,astropy__astropy-13579
file,12,12,264,astropy__astropy-13579
file,13,13,2,astropy__astropy-13579
file,14,14,3,astropy__astropy-13579
file,15,15,560,astropy__astropy-13579
file,16,16,41,astropy__astropy-13579
anon,1,1,37,astropy__astropy-13977
file,1,1,126503,astropy__astropy-13977
file,2,2,9135,astropy__astropy-13977
file,3,3,3769,astropy__astropy-13977
file,4,4,2424,astropy__astropy-13977
file,5,5,2052,astropy__astropy-13977
file,6,6,979,astropy__astropy-13977
file,7,7,5549,astropy__astropy-13977
file,8,8,1653,astropy__astropy-13977
file,9,9,77,astropy__astropy-13977
file,10,10,13,astropy__astropy-13977
file,11,11,4590,astropy__astropy-13977
file,12,12,22,astropy__astropy-13977
file,13,13,4751,astropy__astropy-13977
file,14,14,3,astropy__astropy-13977
file,15,15,205,astropy__astropy-13977
file,16,16,16,astropy__astropy-13977
file,17,17,79,astropy__astropy-13977
file,18,18,168,astropy__astropy-13977
file,19,19,33,astropy__astropy-13977
file,20,20,14,astropy__astropy-13977
file,21,21,63,astropy__astropy-13977
file,22,22,569,astropy__astropy-13977
file,23,23,26,astropy__astropy-13977
file,24,24,64,astropy__astropy-13977
file,25,25,44,astropy__astropy-13977
file,26,26,507,astropy__astropy-13977
file,28,28,1,astropy__astropy-13977
file,29,29,693,astropy__astropy-13977
file,31,31,1,astropy__astropy-13977
file,32,32,8,astropy__astropy-13977
file,33,33,2461,astropy__astropy-13977
file,34,34,242,astropy__astropy-13977
anon,1,1,54,astropy__astropy-14096
anon,1,2,1,astropy__astropy-14096
file,1,1,214878,astropy__astropy-14096
file,1,2,3075,astropy__astropy-14096
file,2,2,23336,astropy__astropy-14096
file,2,3,7058,astropy__astropy-14096
file,3,3,2967,astropy__astropy-14096
file,3,4,96,astropy__astropy-14096
file,4,4,608,astropy__astropy-14096
file,4,5,358,astropy__astropy-14096
file,5,5,15599,astropy__astropy-14096
file,5,6,16,astropy__astropy-14096
file,6,6,7501,astropy__astropy-14096
file,6,7,7,astropy__astropy-14096
file,7,7,5797,astropy__astropy-14096
file,7,8,11,astropy__astropy-14096
file,8,8,4474,astropy__astropy-14096
file,8,9,3,astropy__astropy-14096
file,9,9,177,astropy__astropy-14096
file,9,10,20,astropy__astropy-14096
file,10,10,285,astropy__astropy-14096
file,10,11,70,astropy__astropy-14096
file,11,11,1618,astropy__astropy-14096
file,11,12,8,astropy__astropy-14096
file,12,12,113,astropy__astropy-14096
file,12,13,1,astropy__astropy-14096
file,13,13,19,astropy__astropy-14096
file,13,14,55,astropy__astropy-14096
file,14,14,36,astropy__astropy-14096
file,14,15,79,astropy__astropy-14096
file,15,15,4,astropy__astropy-14096
file,15,16,6,astropy__astropy-14096
file,16,16,5,astropy__astropy-14096
file,16,17,15,astropy__astropy-14096
file,17,17,98,astropy__astropy-14096
file,17,18,1,astropy__astropy-14096
file,18,18,97,astropy__astropy-14096
file,18,19,1,astropy__astropy-14096
file,19,20,5,astropy__astropy-14096
file,20,21,16,astropy__astropy-14096
file,21,22,36,astropy__astropy-14096
file,22,23,56,astropy__astropy-14096
file,23,24,2,astropy__astropy-14096
file,24,25,3,astropy__astropy-14096
file,25,26,1,astropy__astropy-14096
file,26,27,10,astropy__astropy-14096
file,27,28,182,astropy__astropy-14096
file,28,29,5,astropy__astropy-14096
file,32,33,5,astropy__astropy-14096
file,33,34,105,astropy__astropy-14096
file,42,43,7,astropy__astropy-14096
anon,1,0,1,astropy__astropy-14182
anon,1,1,53,astropy__astropy-14182
file,1,0,3321,astropy__astropy-14182
file,1,1,180342,astropy__astropy-14182
file,2,1,43,astropy__astropy-14182
file,2,2,73657,astropy__astropy-14182
file,3,2,9,astropy__astropy-14182
file,3,3,13628,astropy__astropy-14182
file,4,4,1702,astropy__astropy-14182
file,5,4,1,astropy__astropy-14182
file,5,5,7002,astropy__astropy-14182
file,6,5,6,astropy__astropy-14182
file,6,6,442,astropy__astropy-14182
file,7,6,4,astropy__astropy-14182
file,7,7,245,astropy__astropy-14182
file,8,7,48,astropy__astropy-14182
file,8,8,6993,astropy__astropy-14182
file,9,8,4,astropy__astropy-14182
file,9,9,505,astropy__astropy-14182
file,10,9,14,astropy__astropy-14182
file,10,10,205,astropy__astropy-14182
file,11,10,1,astropy__astropy-14182
file,11,11,151,astropy__astropy-14182
file,12,11,2,astropy__astropy-14182
file,12,12,163,astropy__astropy-14182
file,13,13,66,astropy__astropy-14182
file,14,14,76,astropy__astropy-14182
file,15,15,26,astropy__astropy-14182
file,16,16,379,astropy__astropy-14182
file,17,17,16,astropy__astropy-14182
file,18,18,99,astropy__astropy-14182
file,20,20,2,astropy__astropy-14182
file,21,21,7,astropy__astropy-14182
file,22,22,21,astropy__astropy-14182
file,23,23,9,astropy__astropy-14182
file,24,24,31,astropy__astropy-14182
file,25,25,6,astropy__astropy-14182
file,26,26,12,astropy__astropy-14182
file,27,27,13,astropy__astropy-14182
file,28,28,69,astropy__astropy-14182
file,29,29,7,astropy__astropy-14182
file,30,30,4,astropy__astropy-14182
file,31,31,25,astropy__astropy-14182
file,34,34,2,astropy__astropy-14182
file,35,35,5,astropy__astropy-14182
file,40,40,518,astropy__astropy-14182
file,41,41,82,astropy__astropy-14182
file,44,44,1,astropy__astropy-14182
anon,1,0,4,astropy__astropy-14309
anon,1,1,59,astropy__astropy-14309
file,1,0,12843,astropy__astropy-14309
file,1,1,202168,astropy__astropy-14309
file,2,0,27,astropy__astropy-14309
file,2,1,120,astropy__astropy-14309
file,2,2,13150,astropy__astropy-14309
file,3,1,61,astropy__astropy-14309
file,3,2,11,astropy__astropy-14309
file,3,3,16834,astropy__astropy-14309
file,4,2,5,astropy__astropy-14309
file,4,3,10,astropy__astropy-14309
file,4,4,2805,astropy__astropy-14309
file,5,2,6,astropy__astropy-14309
file,5,4,5,astropy__astropy-14309
file,5,5,798,astropy__astropy-14309
file,6,2,2,astropy__astropy-14309
file,6,4,4,astropy__astropy-14309
file,6,5,1,astropy__astropy-14309
file,6,6,223,astropy__astropy-14309
file,7,4,2,astropy__astropy-14309
file,7,5,2,astropy__astropy-14309
file,7,7,874,astropy__astropy-14309
file,8,4,21,astropy__astropy-14309
file,8,5,2,astropy__astropy-14309
file,8,6,5,astropy__astropy-14309
file,8,8,1172,astropy__astropy-14309
file,9,5,9,astropy__astropy-14309
file,9,6,1,astropy__astropy-14309
file,9,9,164,astropy__astropy-14309
file,10,8,66,astropy__astropy-14309
file,10,9,3,astropy__astropy-14309
file,10,10,108,astropy__astropy-14309
file,11,11,5782,astropy__astropy-14309
file,12,8,1,astropy__astropy-14309
file,12,12,47,astropy__astropy-14309
file,13,9,2,astropy__astropy-14309
file,13,13,9,astropy__astropy-14309
file,14,14,8,astropy__astropy-14309
file,15,15,797,astropy__astropy-14309
file,16,16,76,astropy__astropy-14309
file,17,15,1,astropy__astropy-14309
file,17,17,35,astropy__astropy-14309
file,18,14,3,astropy__astropy-14309
file,18,16,1,astropy__astropy-14309
file,18,18,5,astropy__astropy-14309
file,19,17,2,astropy__astropy-14309
file,19,19,10,astropy__astropy-14309
file,20,20,2,astropy__astropy-14309
file,21,17,5,astropy__astropy-14309
file,21,21,14,astropy__astropy-14309
file,22,22,6,astropy__astropy-14309
file,23,23,66,astropy__astropy-14309
file,24,20,1,astropy__astropy-14309
file,25,25,6,astropy__astropy-14309
file,26,26,10,astropy__astropy-14309
file,27,24,3,astropy__astropy-14309
file,27,27,1,astropy__astropy-14309
file,29,25,1,astropy__astropy-14309
file,29,29,17,astropy__astropy-14309
file,30,30,2,astropy__astropy-14309
file,31,31,1,astropy__astropy-14309
file,32,32,5652,astropy__astropy-14309
file,34,34,2,astropy__astropy-14309
file,35,35,38,astropy__astropy-14309
file,36,32,5,astropy__astropy-14309
file,37,37,28,astropy__astropy-14309
file,40,36,4,astropy__astropy-14309
file,40,40,84,astropy__astropy-14309
file,41,37,1,astropy__astropy-14309
file,41,41,1,astropy__astropy-14309
file,43,43,172,astropy__astropy-14309
file,44,44,66,astropy__astropy-14309
file,46,46,41,astropy__astropy-14309
file,47,43,3,astropy__astropy-14309
file,47,47,1,astropy__astropy-14309
file,48,48,5,astropy__astropy-14309
file,51,51,57,astropy__astropy-14309
file,52,52,3,astropy__astropy-14309
file,59,55,1,astropy__astropy-14309
anon,1,1,9,astropy__astropy-14365
anon,1,3,1,astropy__astropy-14365
file,1,1,27687,astropy__astropy-14365
file,1,3,3031,astropy__astropy-14365
file,2,2,454,astropy__astropy-14365
file,2,4,49,astropy__astropy-14365
file,3,3,137,astropy__astropy-14365
file,3,5,30,astropy__astropy-14365
file,4,4,13,astropy__astropy-14365
file,5,5,32,astropy__astropy-14365
file,6,6,22,astropy__astropy-14365
file,7,7,10,astropy__astropy-14365
file,8,8,8,astropy__astropy-14365
anon,1,1,2,astropy__astropy-14369
anon,1,2,1,astropy__astropy-14369
file,1,1,6179,astropy__astropy-14369
file,1,2,3138,astropy__astropy-14369
file,2,2,72,astropy__astropy-14369
file,2,3,33,astropy__astropy-14369
file,3,4,97,astropy__astropy-14369
anon,1,1,29,astropy__astropy-14508
file,1,1,91052,astropy__astropy-14508
file,2,2,7424,astropy__astropy-14508
file,3,3,2669,astropy__astropy-14508
file,4,4,8995,astropy__astropy-14508
file,5,5,178,astropy__astropy-14508
file,6,6,41,astropy__astropy-14508
file,7,7,88,astropy__astropy-14508
file,8,8,1125,astropy__astropy-14508
file,9,9,15,astropy__astropy-14508
file,10,10,4393,astropy__astropy-14508
file,12,12,91,astropy__astropy-14508
file,13,13,1,astropy__astropy-14508
file,14,14,115,astropy__astropy-14508
file,15,15,4,astropy__astropy-14508
file,16,16,25,astropy__astropy-14508
file,18,18,88,astropy__astropy-14508
file,19,19,4,astropy__astropy-14508
file,20,20,569,astropy__astropy-14508
file,22,22,1,astropy__astropy-14508
file,23,23,39,astropy__astropy-14508
anon,1,1,181,astropy__astropy-14539
anon,1,2,1,astropy__astropy-14539
file,1,1,569983,astropy__astropy-14539
file,1,2,3057,astropy__astropy-14539
file,2,2,16671,astropy__astropy-14539
file,2,3,62,astropy__astropy-14539
file,3,3,27225,astropy__astropy-14539
file,3,4,70,astropy__astropy-14539
file,4,4,29500,astropy__astropy-14539
file,4,5,3,astropy__astropy-14539
file,5,5,19294,astropy__astropy-14539
file,5,6,73,astropy__astropy-14539
file,6,6,18025,astropy__astropy-14539
file,6,7,5736,astropy__astropy-14539
file,7,7,12348,astropy__astropy-14539
file,7,8,1,astropy__astropy-14539
file,8,8,8038,astropy__astropy-14539
file,8,9,4,astropy__astropy-14539
file,9,9,6620,astropy__astropy-14539
file,9,10,3,astropy__astropy-14539
file,10,10,6863,astropy__astropy-14539
file,10,11,1161,astropy__astropy-14539
file,11,11,8424,astropy__astropy-14539
file,11,12,8,astropy__astropy-14539
file,12,12,278,astropy__astropy-14539
file,13,13,250,astropy__astropy-14539
file,13,14,154,astropy__astropy-14539
file,14,14,5597,astropy__astropy-14539
file,14,15,17,astropy__astropy-14539
file,15,15,89,astropy__astropy-14539
file,15,16,1,astropy__astropy-14539
file,16,16,326,astropy__astropy-14539
file,16,17,31,astropy__astropy-14539
file,17,17,101,astropy__astropy-14539
file,17,18,4,astropy__astropy-14539
file,18,18,29,astropy__astropy-14539
file,19,19,1427,astropy__astropy-14539
file,19,20,1,astropy__astropy-14539
file,20,20,1259,astropy__astropy-14539
file,20,21,5,astropy__astropy-14539
file,21,21,99,astropy__astropy-14539
file,22,22,81,astropy__astropy-14539
file,22,23,2,astropy__astropy-14539
file,23,23,174,astropy__astropy-14539
file,24,24,42,astropy__astropy-14539
file,25,25,31,astropy__astropy-14539
file,26,26,16,astropy__astropy-14539
file,27,27,26,astropy__astropy-14539
file,28,28,138,astropy__astropy-14539
file,29,29,50,astropy__astropy-14539
file,30,30,4711,astropy__astropy-14539
file,31,31,39,astropy__astropy-14539
file,32,32,48,astropy__astropy-14539
file,33,33,109,astropy__astropy-14539
file,34,34,20,astropy__astropy-14539
file,35,35,62,astropy__astropy-14539
file,36,36,1121,astropy__astropy-14539
file,37,37,2,astropy__astropy-14539
file,38,38,93,astropy__astropy-14539
file,39,39,16,astropy__astropy-14539
file,40,40,34,astropy__astropy-14539
file,41,41,66,astropy__astropy-14539
file,42,42,2,astropy__astropy-14539
file,42,43,1,astropy__astropy-14539
file,44,44,15,astropy__astropy-14539
file,45,45,10,astropy__astropy-14539
file,46,47,22,astropy__astropy-14539
file,47,47,4,astropy__astropy-14539
file,48,48,1,astropy__astropy-14539
file,49,49,17,astropy__astropy-14539
file,50,50,2,astropy__astropy-14539
file,51,52,21,astropy__astropy-14539
file,52,52,10,astropy__astropy-14539
file,53,53,8,astropy__astropy-14539
file,55,55,89,astropy__astropy-14539
file,57,57,8,astropy__astropy-14539
file,58,58,33,astropy__astropy-14539
file,59,59,4,astropy__astropy-14539
file,60,60,16,astropy__astropy-14539
file,61,61,5,astropy__astropy-14539
file,65,65,35,astropy__astropy-14539
file,65,66,10,astropy__astropy-14539
file,66,66,2,astropy__astropy-14539
file,67,68,2,astropy__astropy-14539
file,68,68,1,astropy__astropy-14539
file,71,71,1,astropy__astropy-14539
file,71,72,3,astropy__astropy-14539
file,72,72,10,astropy__astropy-14539
file,75,75,2,astropy__astropy-14539
file,76,77,26,astropy__astropy-14539
file,80,80,4,astropy__astropy-14539
file,82,82,3,astropy__astropy-14539
file,82,83,21,astropy__astropy-14539
file,86,86,4,astropy__astropy-14539
file,87,87,1,astropy__astropy-14539
file,89,89,19,astropy__astropy-14539
file,91,91,2,astropy__astropy-14539
file,92,92,5,astropy__astropy-14539
file,96,97,27,astropy__astropy-14539
file,99,99,3,astropy__astropy-14539
file,105,106,12,astropy__astropy-14539
file,108,109,7,astropy__astropy-14539
file,112,113,2,astropy__astropy-14539
file,116,117,2,astropy__astropy-14539
file,119,120,1,astropy__astropy-14539
file,120,121,3,astropy__astropy-14539
file,125,125,1,astropy__astropy-14539
file,127,127,15,astropy__astropy-14539
file,130,130,6,astropy__astropy-14539
file,131,131,2,astropy__astropy-14539
file,135,136,16,astropy__astropy-14539
file,141,142,2,astropy__astropy-14539
file,143,144,4,astropy__astropy-14539
file,151,151,2,astropy__astropy-14539
file,153,154,7,astropy__astropy-14539
file,164,165,6,astropy__astropy-14539
anon,1,1,19,astropy__astropy-14598
file,1,1,59718,astropy__astropy-14598
file,2,2,1205,astropy__astropy-14598
file,3,3,1731,astropy__astropy-14598
file,4,4,288,astropy__astropy-14598
file,5,5,104,astropy__astropy-14598
file,6,6,23,astropy__astropy-14598
file,7,7,17,astropy__astropy-14598
file,8,8,39,astropy__astropy-14598
file,9,9,7,astropy__astropy-14598
file,10,10,3,astropy__astropy-14598
file,11,11,8,astropy__astropy-14598
file,12,12,6,astropy__astropy-14598
file,13,13,1,astropy__astropy-14598
file,14,14,4,astropy__astropy-14598
file,15,15,6,astropy__astropy-14598
file,19,19,1,astropy__astropy-14598
anon,1,1,35,astropy__astropy-14995
file,1,1,109655,astropy__astropy-14995
file,2,2,12128,astropy__astropy-14995
file,3,3,674,astropy__astropy-14995
file,4,4,930,astropy__astropy-14995
file,5,5,7088,astropy__astropy-14995
file,6,6,16,astropy__astropy-14995
file,7,7,5088,astropy__astropy-14995
file,8,8,20,astropy__astropy-14995
file,9,9,338,astropy__astropy-14995
file,10,10,9,astropy__astropy-14995
file,11,11,69,astropy__astropy-14995
file,12,12,13,astropy__astropy-14995
file,14,14,151,astropy__astropy-14995
file,15,15,102,astropy__astropy-14995
file,16,16,83,astropy__astropy-14995
file,17,17,1,astropy__astropy-14995
file,18,18,12,astropy__astropy-14995
file,21,21,3,astropy__astropy-14995
file,22,22,1306,astropy__astropy-14995
file,24,24,7,astropy__astropy-14995
file,25,25,1,astropy__astropy-14995
file,26,26,2,astropy__astropy-14995
file,27,27,7,astropy__astropy-14995
file,28,28,2,astropy__astropy-14995
file,29,29,11,astropy__astropy-14995
file,32,32,6,astropy__astropy-14995
anon,1,1,43,astropy__astropy-7166
file,1,1,136117,astropy__astropy-7166
file,2,2,9772,astropy__astropy-7166
file,3,3,16409,astropy__astropy-7166
file,4,4,4083,astropy__astropy-7166
file,5,5,385,astropy__astropy-7166
file,6,6,171,astropy__astropy-7166
file,7,7,134,astropy__astropy-7166
file,8,8,113,astropy__astropy-7166
file,9,9,45,astropy__astropy-7166
file,10,10,76,astropy__astropy-7166
file,11,11,73,astropy__astropy-7166
file,12,12,18,astropy__astropy-7166
file,13,13,3784,astropy__astropy-7166
file,14,14,83,astropy__astropy-7166
file,15,15,101,astropy__astropy-7166
file,16,16,25,astropy__astropy-7166
file,17,17,1,astropy__astropy-7166
file,18,18,5,astropy__astropy-7166
file,19,19,365,astropy__astropy-7166
file,21,21,6,astropy__astropy-7166
file,22,22,257,astropy__astropy-7166
file,23,23,1,astropy__astropy-7166
file,24,24,3,astropy__astropy-7166
file,25,25,38,astropy__astropy-7166
file,26,26,1,astropy__astropy-7166
file,27,27,42,astropy__astropy-7166
file,28,28,111,astropy__astropy-7166
file,30,30,5355,astropy__astropy-7166
file,31,31,5,astropy__astropy-7166
file,32,32,5,astropy__astropy-7166
file,33,33,2,astropy__astropy-7166
file,34,34,9936,astropy__astropy-7166
file,35,35,20,astropy__astropy-7166
anon,1,0,1,astropy__astropy-7336
anon,1,1,19,astropy__astropy-7336
file,1,0,3085,astropy__astropy-7336
file,1,1,59315,astropy__astropy-7336
file,2,1,51,astropy__astropy-7336
file,2,2,14091,astropy__astropy-7336
file,3,2,6,astropy__astropy-7336
file,3,3,154,astropy__astropy-7336
file,4,3,4,astropy__astropy-7336
file,4,4,98,astropy__astropy-7336
file,5,4,1,astropy__astropy-7336
file,5,5,128,astropy__astropy-7336
file,6,6,128,astropy__astropy-7336
file,7,7,85,astropy__astropy-7336
file,8,7,1,astropy__astropy-7336
file,8,8,33,astropy__astropy-7336
file,9,9,81,astropy__astropy-7336
file,11,11,3,astropy__astropy-7336
file,13,12,6,astropy__astropy-7336
file,14,14,72,astropy__astropy-7336
file,16,16,4,astropy__astropy-7336
file,20,19,2,astropy__astropy-7336
anon,1,1,51,astropy__astropy-7606
file,1,1,157981,astropy__astropy-7606
file,2,2,5163,astropy__astropy-7606
file,3,3,758,astropy__astropy-7606
file,4,4,6548,astropy__astropy-7606
file,5,5,326,astropy__astropy-7606
file,6,6,43,astropy__astropy-7606
file,7,7,65,astropy__astropy-7606
file,8,8,4738,astropy__astropy-7606
file,9,9,105,astropy__astropy-7606
file,10,10,5,astropy__astropy-7606
file,11,11,7,astropy__astropy-7606
file,12,12,11,astropy__astropy-7606
file,13,13,13,astropy__astropy-7606
file,14,14,67,astropy__astropy-7606
file,15,15,4,astropy__astropy-7606
file,16,16,4,astropy__astropy-7606
file,17,17,664,astropy__astropy-7606
file,19,19,7,astropy__astropy-7606
file,20,20,6,astropy__astropy-7606
file,21,21,9,astropy__astropy-7606
file,22,22,1,astropy__astropy-7606
file,23,23,4048,astropy__astropy-7606
file,27,27,27,astropy__astropy-7606
file,29,29,2,astropy__astropy-7606
file,30,30,2,astropy__astropy-7606
file,31,31,42,astropy__astropy-7606
file,32,32,3,astropy__astropy-7606
file,33,33,2,astropy__astropy-7606
file,34,34,12,astropy__astropy-7606
file,35,35,57,astropy__astropy-7606
file,36,36,69,astropy__astropy-7606
file,38,38,59,astropy__astropy-7606
file,39,39,1,astropy__astropy-7606
file,40,40,19,astropy__astropy-7606
file,41,41,1,astropy__astropy-7606
file,43,43,2,astropy__astropy-7606
anon,1,1,23,astropy__astropy-7671
file,1,1,72011,astropy__astropy-7671
file,2,2,1127,astropy__astropy-7671
file,3,3,10306,astropy__astropy-7671
file,4,4,83,astropy__astropy-7671
file,5,5,27,astropy__astropy-7671
file,6,6,151,astropy__astropy-7671
file,7,7,112,astropy__astropy-7671
file,8,8,49,astropy__astropy-7671
file,9,9,73,astropy__astropy-7671
file,10,10,1,astropy__astropy-7671
file,11,11,10,astropy__astropy-7671
file,13,13,1,astropy__astropy-7671
file,14,14,2,astropy__astropy-7671
file,16,16,1,astropy__astropy-7671
file,17,17,11,astropy__astropy-7671
file,18,18,1,astropy__astropy-7671
file,20,20,1,astropy__astropy-7671
anon,1,1,35,astropy__astropy-8707
file,1,1,109040,astropy__astropy-8707
file,2,2,8809,astropy__astropy-8707
file,3,3,694,astropy__astropy-8707
file,4,4,514,astropy__astropy-8707
file,5,5,156,astropy__astropy-8707
file,6,6,121,astropy__astropy-8707
file,7,7,26,astropy__astropy-8707
file,8,8,442,astropy__astropy-8707
file,9,9,32,astropy__astropy-8707
file,10,10,71,astropy__astropy-8707
file,11,11,3727,astropy__astropy-8707
file,12,12,6481,astropy__astropy-8707
file,13,13,4,astropy__astropy-8707
file,14,14,224,astropy__astropy-8707
file,15,15,148,astropy__astropy-8707
file,17,17,3,astropy__astropy-8707
file,18,18,4,astropy__astropy-8707
file,19,19,1,astropy__astropy-8707
file,21,21,3,astropy__astropy-8707
file,23,23,1,astropy__astropy-8707
file,26,26,1,astropy__astropy-8707
file,28,28,1,astropy__astropy-8707
file,32,32,3,astropy__astropy-8707
anon,1,1,18,astropy__astropy-8872
file,1,1,68840,astropy__astropy-8872
file,2,2,17332,astropy__astropy-8872
file,3,3,5040,astropy__astropy-8872
file,4,4,151,astropy__astropy-8872
file,5,5,1741,astropy__astropy-8872
file,6,6,217,astropy__astropy-8872
file,7,7,4,astropy__astropy-8872
file,8,8,93,astropy__astropy-8872
file,9,9,6,astropy__astropy-8872
file,10,10,224,astropy__astropy-8872
file,11,11,50,astropy__astropy-8872
file,12,12,56,astropy__astropy-8872
file,15,15,13,astropy__astropy-8872
file,16,16,1,astropy__astropy-8872
anon,1,1,42,django__django-10097
anon,1,2,2,django__django-10097
file,1,1,130519,django__django-10097
file,1,2,6122,django__django-10097
file,2,2,6045,django__django-10097
file,2,3,171,django__django-10097
file,3,3,7009,django__django-10097
file,3,4,1722,django__django-10097
file,4,4,219,django__django-10097
file,4,5,1665,django__django-10097
file,5,5,84,django__django-10097
file,5,6,41,django__django-10097
file,6,6,142,django__django-10097
file,6,7,87,django__django-10097
file,7,7,971,django__django-10097
file,7,8,57,django__django-10097
file,8,8,38,django__django-10097
file,8,9,3,django__django-10097
file,9,9,977,django__django-10097
file,9,10,49,django__django-10097
file,9,11,7,django__django-10097
file,10,10,52,django__django-10097
file,10,11,3,django__django-10097
file,10,12,50,django__django-10097
file,11,11,2,django__django-10097
file,12,13,183,django__django-10097
file,12,14,1,django__django-10097
file,13,13,4,django__django-10097
file,13,15,2,django__django-10097
file,14,14,8,django__django-10097
file,14,15,2,django__django-10097
file,15,15,5,django__django-10097
file,15,16,4,django__django-10097
file,16,16,38,django__django-10097
file,17,18,2,django__django-10097
file,19,19,15,django__django-10097
file,19,20,10,django__django-10097
file,19,21,10,django__django-10097
file,21,23,6,django__django-10097
file,22,22,7,django__django-10097
file,22,23,10,django__django-10097
file,23,25,7,django__django-10097
file,25,25,2,django__django-10097
file,26,27,1,django__django-10097
file,26,28,11,django__django-10097
file,27,29,1,django__django-10097
file,29,30,2,django__django-10097
file,29,31,11,django__django-10097
file,32,34,6,django__django-10097
file,33,35,61,django__django-10097
file,34,36,1,django__django-10097
file,38,40,1,django__django-10097
anon,1,1,24,django__django-10554
file,1,1,75059,django__django-10554
file,2,2,1439,django__django-10554
file,3,3,603,django__django-10554
file,4,4,91,django__django-10554
file,5,5,78,django__django-10554
file,6,6,7,django__django-10554
file,7,7,82,django__django-10554
file,8,8,115,django__django-10554
file,9,9,25,django__django-10554
file,10,10,17,django__django-10554
file,11,11,10,django__django-10554
file,12,12,28,django__django-10554
file,13,13,34,django__django-10554
file,15,15,5,django__django-10554
file,16,16,1,django__django-10554
file,18,18,6,django__django-10554
file,19,19,1,django__django-10554
anon,1,0,1,django__django-10880
anon,1,1,52,django__django-10880
file,1,0,3183,django__django-10880
file,1,1,165542,django__django-10880
file,2,1,36,django__django-10880
file,2,2,34196,django__django-10880
file,3,2,21,django__django-10880
file,3,3,608,django__django-10880
file,4,3,9,django__django-10880
file,4,4,5116,django__django-10880
file,5,4,1,django__django-10880
file,5,5,113,django__django-10880
file,6,6,352,django__django-10880
file,7,6,1,django__django-10880
file,7,7,61,django__django-10880
file,8,8,492,django__django-10880
file,9,9,23,django__django-10880
file,10,9,1,django__django-10880
file,10,10,3195,django__django-10880
file,11,11,11,django__django-10880
file,12,11,3,django__django-10880
file,12,12,33,django__django-10880
file,13,12,1,django__django-10880
file,13,13,28,django__django-10880
file,14,14,94,django__django-10880
file,15,15,74,django__django-10880
file,16,16,6,django__django-10880
file,17,17,1,django__django-10880
file,18,18,7,django__django-10880
file,19,18,1,django__django-10880
file,19,19,4,django__django-10880
file,20,20,6,django__django-10880
file,21,20,2,django__django-10880
file,22,22,32,django__django-10880
file,24,23,1,django__django-10880
file,26,25,1,django__django-10880
file,26,26,12,django__django-10880
file,27,27,88,django__django-10880
file,29,29,3,django__django-10880
file,30,30,17,django__django-10880
file,31,31,91,django__django-10880
file,32,32,1,django__django-10880
file,34,33,1,django__django-10880
file,35,35,467,django__django-10880
file,37,37,1,django__django-10880
file,39,39,1,django__django-10880
file,41,41,42,django__django-10880
anon,1,0,3,django__django-10914
anon,1,1,7,django__django-10914
file,1,0,9459,django__django-10914
file,1,1,22641,django__django-10914
file,2,0,17,django__django-10914
file,2,1,60,django__django-10914
file,2,2,93,django__django-10914
file,3,1,40,django__django-10914
file,3,2,41,django__django-10914
file,3,3,43,django__django-10914
file,4,1,8,django__django-10914
file,4,2,5,django__django-10914
file,4,3,35,django__django-10914
file,5,2,1,django__django-10914
file,5,3,3,django__django-10914
file,5,5,11,django__django-10914
file,6,4,52,django__django-10914
file,6,5,308,django__django-10914
file,6,6,12,django__django-10914
file,7,4,19,django__django-10914
file,7,6,4,django__django-10914
file,8,5,4,django__django-10914
file,8,7,1,django__django-10914
file,9,6,1,django__django-10914
file,9,7,3,django__django-10914
file,10,7,2,django__django-10914
anon,1,0,1,django__django-10973
anon,1,1,4,django__django-10973
anon,1,2,1,django__django-10973
file,1,0,3240,django__django-10973
file,1,1,12284,django__django-10973
file,1,2,3087,django__django-10973
file,2,1,11,django__django-10973
file,2,2,88,django__django-10973
file,2,3,30,django__django-10973
file,3,2,39,django__django-10973
file,3,3,40,django__django-10973
file,3,4,19,django__django-10973
file,4,3,2,django__django-10973
file,4,5,2,django__django-10973
anon,1,1,22,django__django-10999
file,1,1,68432,django__django-10999
file,2,2,7659,django__django-10999
file,3,3,234,django__django-10999
file,4,4,2880,django__django-10999
file,5,5,221,django__django-10999
file,6,6,124,django__django-10999
file,7,7,16,django__django-10999
file,8,8,33,django__django-10999
file,9,9,10,django__django-10999
file,10,10,33,django__django-10999
file,11,11,28,django__django-10999
file,12,12,79,django__django-10999
file,13,13,2,django__django-10999
file,14,14,9,django__django-10999
file,15,15,32,django__django-10999
file,18,18,1,django__django-10999
file,19,19,15,django__django-10999
file,20,20,264,django__django-10999
anon,1,1,6,django__django-11066
anon,1,2,1,django__django-11066
file,1,1,18416,django__django-11066
file,1,2,3068,django__django-11066
file,2,2,126,django__django-11066
file,2,3,37,django__django-11066
file,3,3,120,django__django-11066
file,3,4,1,django__django-11066
file,4,4,106,django__django-11066
file,4,5,1,django__django-11066
file,5,5,13,django__django-11066
file,7,8,1,django__django-11066
anon,1,1,20,django__django-11087
file,1,1,62977,django__django-11087
file,2,2,592,django__django-11087
file,3,3,176,django__django-11087
file,4,4,203,django__django-11087
file,5,5,60,django__django-11087
file,6,6,78,django__django-11087
file,7,7,77,django__django-11087
file,8,8,96,django__django-11087
file,9,9,29,django__django-11087
file,10,10,1,django__django-11087
file,12,12,3,django__django-11087
file,14,14,8,django__django-11087
file,16,16,288,django__django-11087
file,17,17,2,django__django-11087
anon,1,1,56,django__django-11095
anon,1,2,2,django__django-11095
anon,1,3,1,django__django-11095
file,1,1,174817,django__django-11095
file,1,2,6241,django__django-11095
file,1,3,3069,django__django-11095
file,2,2,3971,django__django-11095
file,2,3,28,django__django-11095
file,2,4,146,django__django-11095
file,3,3,7424,django__django-11095
file,3,4,10,django__django-11095
file,3,5,32,django__django-11095
file,4,4,144,django__django-11095
file,4,5,1,django__django-11095
file,4,6,48,django__django-11095
file,5,5,824,django__django-11095
file,5,6,6,django__django-11095
file,5,7,101,django__django-11095
file,6,6,135,django__django-11095
file,6,8,16,django__django-11095
file,7,7,26,django__django-11095
file,7,9,4,django__django-11095
file,8,8,17,django__django-11095
file,8,9,60,django__django-11095
file,8,10,4,django__django-11095
file,9,9,30,django__django-11095
file,9,11,70,django__django-11095
file,9,13,17,django__django-11095
file,10,10,15,django__django-11095
file,10,12,12,django__django-11095
file,11,11,8,django__django-11095
file,11,13,5,django__django-11095
file,11,14,2,django__django-11095
file,11,15,6,django__django-11095
file,12,12,1,django__django-11095
file,13,13,7,django__django-11095
file,13,15,2,django__django-11095
file,14,14,2,django__django-11095
file,14,18,8,django__django-11095
file,15,15,3,django__django-11095
file,16,16,6,django__django-11095
file,16,20,1,django__django-11095
file,17,17,1,django__django-11095
file,18,18,25,django__django-11095
file,19,19,3,django__django-11095
file,20,22,1,django__django-11095
file,21,21,2,django__django-11095
file,21,25,1,django__django-11095
file,22,26,1,django__django-11095
file,23,27,1,django__django-11095
file,24,28,8,django__django-11095
file,25,27,56,django__django-11095
file,25,29,3,django__django-11095
file,26,28,7,django__django-11095
file,27,31,2,django__django-11095
file,28,28,1,django__django-11095
file,28,31,33,django__django-11095
file,29,29,4,django__django-11095
file,36,40,1,django__django-11095
file,37,41,3,django__django-11095
anon,1,1,19,django__django-11099
anon,1,2,1,django__django-11099
file,1,1,59807,django__django-11099
file,1,2,3057,django__django-11099
file,2,2,1153,django__django-11099
file,2,3,36,django__django-11099
file,3,3,179,django__django-11099
file,3,4,3,django__django-11099
file,4,4,167,django__django-11099
file,5,5,734,django__django-11099
file,5,6,1,django__django-11099
file,6,6,15,django__django-11099
file,6,7,2,django__django-11099
file,7,7,82,django__django-11099
file,8,8,9,django__django-11099
file,9,9,3,django__django-11099
file,9,10,1,django__django-11099
file,10,10,1,django__django-11099
file,11,11,10,django__django-11099
file,12,12,7,django__django-11099
file,13,13,3,django__django-11099
file,14,14,2,django__django-11099
file,14,15,4,django__django-11099
file,15,15,2,django__django-11099
file,19,20,2,django__django-11099
file,20,21,2,django__django-11099
anon,1,1,12,django__django-11119
file,1,1,37300,django__django-11119
file,2,2,463,django__django-11119
file,3,3,281,django__django-11119
file,4,4,68,django__django-11119
file,5,5,38,django__django-11119
file,6,6,13,django__django-11119
file,7,7,21,django__django-11119
file,10,10,6,django__django-11119
file,12,12,4,django__django-11119
anon,1,1,49,django__django-11133
file,1,1,152997,django__django-11133
file,2,2,8947,django__django-11133
file,3,3,4244,django__django-11133
file,4,4,2468,django__django-11133
file,5,5,121,django__django-11133
file,6,6,276,django__django-11133
file,7,7,5849,django__django-11133
file,8,8,153,django__django-11133
file,9,9,37,django__django-11133
file,10,10,28,django__django-11133
file,11,11,29,django__django-11133
file,12,12,8,django__django-11133
file,13,13,3,django__django-11133
file,14,14,130,django__django-11133
file,15,15,4,django__django-11133
file,16,16,22,django__django-11133
file,17,17,69,django__django-11133
file,18,18,7,django__django-11133
file,19,19,7,django__django-11133
file,20,20,2,django__django-11133
file,21,21,2764,django__django-11133
file,23,23,155,django__django-11133
file,24,24,1,django__django-11133
file,25,25,3,django__django-11133
file,27,27,7,django__django-11133
file,28,28,47,django__django-11133
file,30,30,35,django__django-11133
file,33,33,27,django__django-11133
file,35,35,182,django__django-11133
file,37,37,40,django__django-11133
file,38,38,69,django__django-11133
file,39,39,1,django__django-11133
file,40,40,41,django__django-11133
file,41,41,9,django__django-11133
file,42,42,17,django__django-11133
file,48,48,1,django__django-11133
anon,1,1,19,django__django-11138
file,1,1,58739,django__django-11138
file,2,2,739,django__django-11138
file,3,3,154,django__django-11138
file,4,4,373,django__django-11138
file,5,5,53,django__django-11138
file,6,6,16,django__django-11138
file,7,7,70,django__django-11138
file,8,8,10,django__django-11138
file,10,10,9,django__django-11138
file,11,11,8,django__django-11138
file,12,12,1,django__django-11138
file,14,14,7,django__django-11138
file,15,15,3,django__django-11138
file,17,17,8,django__django-11138
file,18,18,1,django__django-11138
anon,1,0,2,django__django-11141
anon,1,1,25,django__django-11141
anon,1,3,1,django__django-11141
file,1,0,6449,django__django-11141
file,1,1,77295,django__django-11141
file,1,3,3055,django__django-11141
file,2,0,32,django__django-11141
file,2,1,48,django__django-11141
file,2,2,1932,django__django-11141
file,2,4,270,django__django-11141
file,3,1,12,django__django-11141
file,3,2,6,django__django-11141
file,3,3,118,django__django-11141
file,3,5,30,django__django-11141
file,4,2,3,django__django-11141
file,4,3,1,django__django-11141
file,4,4,433,django__django-11141
file,4,6,7,django__django-11141
file,5,3,10,django__django-11141
file,5,5,40,django__django-11141
file,5,7,2,django__django-11141
file,6,6,74,django__django-11141
file,6,8,696,django__django-11141
file,7,5,15,django__django-11141
file,7,7,16,django__django-11141
file,7,9,11,django__django-11141
file,8,6,1,django__django-11141
file,8,8,32,django__django-11141
file,8,10,13,django__django-11141
file,9,9,6,django__django-11141
file,9,11,9,django__django-11141
file,10,9,9,django__django-11141
file,10,12,2,django__django-11141
file,11,9,2,django__django-11141
file,12,14,3,django__django-11141
file,16,18,6,django__django-11141
file,17,19,3,django__django-11141
file,18,17,5,django__django-11141
file,18,20,4,django__django-11141
file,19,17,2,django__django-11141
file,20,20,1,django__django-11141
file,20,21,1,django__django-11141
anon,1,1,62,django__django-11149
anon,1,2,2,django__django-11149
file,1,1,231061,django__django-11149
file,1,2,6151,django__django-11149
file,2,2,24634,django__django-11149
file,2,3,95,django__django-11149
file,3,3,5345,django__django-11149
file,3,4,36,django__django-11149
file,4,4,4034,django__django-11149
file,4,5,8,django__django-11149
file,5,5,4821,django__django-11149
file,5,6,29,django__django-11149
file,6,6,281,django__django-11149
file,6,7,9,django__django-11149
file,7,7,176,django__django-11149
file,7,8,51,django__django-11149
file,8,8,189,django__django-11149
file,8,9,29,django__django-11149
file,9,9,440,django__django-11149
file,9,10,2,django__django-11149
file,10,10,65,django__django-11149
file,10,11,6,django__django-11149
file,11,11,109,django__django-11149
file,12,12,53,django__django-11149
file,12,13,2,django__django-11149
file,13,13,113,django__django-11149
file,13,14,82,django__django-11149
file,14,14,14,django__django-11149
file,14,15,10,django__django-11149
file,15,15,40,django__django-11149
file,15,16,5,django__django-11149
file,16,16,5,django__django-11149
file,16,17,4,django__django-11149
file,17,17,5,django__django-11149
file,17,18,2,django__django-11149
file,18,18,45,django__django-11149
file,18,19,7,django__django-11149
file,19,20,1,django__django-11149
file,20,20,43,django__django-11149
file,20,21,556,django__django-11149
file,21,21,12,django__django-11149
file,22,22,14,django__django-11149
file,22,23,44,django__django-11149
file,23,24,17,django__django-11149
file,24,24,1,django__django-11149
file,25,25,1,django__django-11149
file,25,26,6,django__django-11149
file,26,26,28,django__django-11149
file,28,28,1,django__django-11149
file,29,29,1,django__django-11149
file,31,32,1,django__django-11149
file,34,34,1,django__django-11149
file,34,35,1,django__django-11149
file,36,37,74,django__django-11149
file,37,38,3,django__django-11149
file,40,41,5,django__django-11149
file,43,44,35,django__django-11149
file,50,51,60,django__django-11149
anon,1,1,5,django__django-11163
anon,1,2,1,django__django-11163
file,1,1,15483,django__django-11163
file,1,2,3066,django__django-11163
file,2,2,246,django__django-11163
file,2,3,15,django__django-11163
file,3,3,43,django__django-11163
file,3,4,7,django__django-11163
file,4,4,4,django__django-11163
file,4,5,5,django__django-11163
file,5,6,5,django__django-11163
anon,1,1,9,django__django-11179
file,1,1,27857,django__django-11179
file,2,2,390,django__django-11179
file,3,3,152,django__django-11179
file,4,4,38,django__django-11179
file,5,5,26,django__django-11179
file,6,6,8,django__django-11179
file,7,7,3,django__django-11179
file,8,8,4,django__django-11179
anon,1,1,15,django__django-11206
file,1,1,46675,django__django-11206
file,2,2,4578,django__django-11206
file,3,3,1868,django__django-11206
file,4,4,49,django__django-11206
file,5,5,110,django__django-11206
file,6,6,6,django__django-11206
file,7,7,32,django__django-11206
file,8,8,157,django__django-11206
file,9,9,1,django__django-11206
file,10,10,4,django__django-11206
file,13,13,1,django__django-11206
anon,1,0,1,django__django-11211
anon,1,1,59,django__django-11211
anon,1,2,2,django__django-11211
file,1,0,3143,django__django-11211
file,1,1,187040,django__django-11211
file,1,2,6267,django__django-11211
file,2,1,74,django__django-11211
file,2,2,38246,django__django-11211
file,2,3,37,django__django-11211
file,3,2,16,django__django-11211
file,3,3,2861,django__django-11211
file,3,4,17,django__django-11211
file,4,3,1,django__django-11211
file,4,4,4616,django__django-11211
file,4,5,13,django__django-11211
file,5,5,178,django__django-11211
file,5,6,79,django__django-11211
file,6,5,4,django__django-11211
file,6,6,2467,django__django-11211
file,6,7,26,django__django-11211
file,7,6,11,django__django-11211
file,7,7,27,django__django-11211
file,7,8,9,django__django-11211
file,8,7,1,django__django-11211
file,8,8,197,django__django-11211
file,8,9,1,django__django-11211
file,9,8,1,django__django-11211
file,9,9,3124,django__django-11211
file,9,10,6,django__django-11211
file,10,10,110,django__django-11211
file,10,11,5,django__django-11211
file,11,11,639,django__django-11211
file,11,12,66,django__django-11211
file,12,12,6,django__django-11211
file,12,13,2,django__django-11211
file,13,12,4,django__django-11211
file,13,13,135,django__django-11211
file,13,14,1,django__django-11211
file,14,14,8,django__django-11211
file,14,15,3,django__django-11211
file,15,14,2,django__django-11211
file,15,15,54,django__django-11211
file,16,16,4,django__django-11211
file,16,17,3,django__django-11211
file,17,16,1,django__django-11211
file,17,17,36,django__django-11211
file,17,18,8,django__django-11211
file,18,19,398,django__django-11211
file,19,19,15,django__django-11211
file,19,20,6,django__django-11211
file,20,21,304,django__django-11211
file,21,21,12,django__django-11211
file,22,23,2,django__django-11211
file,23,23,14,django__django-11211
file,24,24,1,django__django-11211
file,25,25,10,django__django-11211
file,25,26,34,django__django-11211
file,26,27,24,django__django-11211
file,27,27,39,django__django-11211
file,28,29,3,django__django-11211
file,29,29,4,django__django-11211
file,30,31,40,django__django-11211
file,31,32,2,django__django-11211
file,34,34,1,django__django-11211
file,34,35,2,django__django-11211
file,36,36,1,django__django-11211
file,36,37,66,django__django-11211
file,39,40,68,django__django-11211
anon,1,0,4,django__django-11239
anon,1,1,15,django__django-11239
anon,1,2,2,django__django-11239
file,1,0,12550,django__django-11239
file,1,1,46280,django__django-11239
file,1,2,6176,django__django-11239
file,2,0,95,django__django-11239
file,2,1,72,django__django-11239
file,2,2,359,django__django-11239
file,2,3,153,django__django-11239
file,3,1,45,django__django-11239
file,3,3,172,django__django-11239
file,3,4,27,django__django-11239
file,3,5,16,django__django-11239
file,4,1,16,django__django-11239
file,4,2,204,django__django-11239
file,4,4,36,django__django-11239
file,4,5,12,django__django-11239
file,5,1,1,django__django-11239
file,5,2,1,django__django-11239
file,5,3,1,django__django-11239
file,5,5,13,django__django-11239
file,5,6,4,django__django-11239
file,5,7,3,django__django-11239
file,6,2,9,django__django-11239
file,6,3,4,django__django-11239
file,6,7,3,django__django-11239
file,6,8,16,django__django-11239
file,7,3,13,django__django-11239
file,7,4,4,django__django-11239
file,7,5,2,django__django-11239
file,7,8,7,django__django-11239
file,7,9,2,django__django-11239
file,8,4,2,django__django-11239
file,8,9,18,django__django-11239
file,8,10,1,django__django-11239
file,9,7,4,django__django-11239
file,9,11,2,django__django-11239
file,10,7,2,django__django-11239
file,10,12,69,django__django-11239
file,11,9,1,django__django-11239
file,12,14,3,django__django-11239
file,13,10,1,django__django-11239
file,14,14,1,django__django-11239
file,16,14,3,django__django-11239
