schema_version,task_id,image,n_actions,steps,calls,actions_replayed,returncode_mismatches,start_resident_pages,surviving_processes_max,distinct_pages_accessed,accessed_page_calls,reused_page_calls,reused_fraction,not_reused_page_calls,not_reused_fraction,accessed_file_page_calls,reused_file_page_calls,reused_file_fraction,not_reused_file_page_calls,not_reused_file_fraction,accessed_shm_page_calls,reused_shm_page_calls,reused_shm_fraction,not_reused_shm_page_calls,not_reused_shm_fraction,accessed_mapped_page_calls,reused_mapped_page_calls,reused_mapped_fraction,not_reused_mapped_page_calls,not_reused_mapped_fraction,accessed_anon_page_calls,reused_anon_page_calls,reused_anon_fraction,not_reused_anon_page_calls,not_reused_anon_fraction
5,astropy__astropy-12907,docker.io/swebench/sweb.eval.x86_64.astropy_1776_astropy-12907:latest,11,10,11,11,0,639,1,28234,67273,39039,0.5803071068630803,28234,0.4196928931369197,67262,39029,0.5802533376943891,28233,0.4197466623056109,0,0,,0,,0,0,,0,,11,10,0.9090909090909091,1,0.09090909090909091
5,astropy__astropy-13033,docker.io/swebench/sweb.eval.x86_64.astropy_1776_astropy-13033:latest,39,39,39,39,0,639,1,26999,159871,132872,0.8311200905730245,26999,0.1688799094269755,159832,132834,0.8310851393963662,26998,0.1689148606036338,0,0,,0,,0,0,,0,,39,38,0.9743589743589743,1,0.02564102564102564
5,astropy__astropy-13236,docker.io/swebench/sweb.eval.x86_64.astropy_1776_astropy-13236:latest,17,17,17,17,0,639,1,37916,99238,61322,0.617928616054334,37916,0.382071383945666,99221,61306,0.6178732324810272,37915,0.3821267675189728,0,0,,0,,0,0,,0,,17,16,0.9411764705882353,1,0.058823529411764705
5,astropy__astropy-13398,docker.io/swebench/sweb.eval.x86_64.astropy_1776_astropy-13398:latest,32,32,32,32,0,640,1,18782,147597,128815,0.8727480910858622,18782,0.12725190891413782,147565,128784,0.8727272727272727,18781,0.12727272727272726,0,0,,0,,0,0,,0,,32,31,0.96875,1,0.03125
5,astropy__astropy-13453,docker.io/swebench/sweb.eval.x86_64.astropy_1776_astropy-13453:latest,54,54,54,54,0,638,1,31895,205042,173147,0.844446503643156,31895,0.15555349635684396,204988,173094,0.8444104045114836,31894,0.1555895954885164,0,0,,0,,0,0,,0,,54,53,0.9814814814814815,1,0.018518518518518517
5,astropy__astropy-13579,docker.io/swebench/sweb.eval.x86_64.astropy_1776_astropy-13579:latest,20,20,20,20,0,639,1,27947,107140,79193,0.7391543774500653,27947,0.26084562254993465,107120,79174,0.7391150112023899,27946,0.2608849887976102,0,0,,0,,0,0,,0,,20,19,0.95,1,0.05
5,astropy__astropy-13977,docker.io/swebench/sweb.eval.x86_64.astropy_1776_astropy-13977:latest,38,38,38,38,0,4218,1,53055,219806,166751,0.7586280629282185,53055,0.24137193707178148,219768,166714,0.7585908776527975,53054,0.2414091223472025,0,0,,0,,0,0,,0,,38,37,0.9736842105263158,1,0.02631578947368421
5,astropy__astropy-14096,docker.io/swebench/sweb.eval.x86_64.astropy_1776_astropy-14096:latest,56,56,56,56,0,639,1,31248,320228,288980,0.9024195260876625,31248,0.09758047391233746,320172,288925,0.9024055819996751,31247,0.09759441800032483,0,0,,0,,0,0,,0,,56,55,0.9821428571428571,1,0.017857142857142856
5,astropy__astropy-14182,docker.io/swebench/sweb.eval.x86_64.astropy_1776_astropy-14182:latest,55,54,55,55,0,638,1,31186,321204,290018,0.9029090546817599,31186,0.09709094531824013,321149,289964,0.902895540699177,31185,0.09710445930082298,0,0,,0,,0,0,,0,,55,54,0.9818181818181818,1,0.01818181818181818
5,astropy__astropy-14309,docker.io/swebench/sweb.eval.x86_64.astropy_1776_astropy-14309:latest,64,60,64,64,0,640,1,29037,293680,264643,0.9011270770907109,29037,0.09887292290928902,293616,264580,0.9011089313933845,29036,0.09889106860661544,0,0,,0,,0,0,,0,,64,63,0.984375,1,0.015625
5,astropy__astropy-14365,docker.io/swebench/sweb.eval.x86_64.astropy_1776_astropy-14365:latest,11,11,11,11,0,638,1,26627,58110,31483,0.5417828256754431,26627,0.4582171743245569,58099,31473,0.5417132825005594,26626,0.4582867174994406,0,0,,0,,0,0,,0,,11,10,0.9090909090909091,1,0.09090909090909091
5,astropy__astropy-14369,docker.io/swebench/sweb.eval.x86_64.astropy_1776_astropy-14369:latest,4,4,4,4,0,640,1,6650,16172,9522,0.5887954489240663,6650,0.41120455107593373,16168,9519,0.5887555665512123,6649,0.41124443344878775,0,0,,0,,0,0,,0,,4,3,0.75,1,0.25
5,astropy__astropy-14508,docker.io/swebench/sweb.eval.x86_64.astropy_1776_astropy-14508:latest,30,30,30,30,0,640,1,24691,141637,116946,0.8256740823372424,24691,0.17432591766275762,141607,116917,0.8256442125036192,24690,0.17435578749638084,0,0,,0,,0,0,,0,,30,29,0.9666666666666667,1,0.03333333333333333
5,astropy__astropy-14539,docker.io/swebench/sweb.eval.x86_64.astropy_1776_astropy-14539:latest,183,183,183,183,0,639,1,27242,777679,750437,0.9649701226341459,27242,0.035029877365854035,777496,750255,0.9649631637976273,27241,0.035036836202372745,0,0,,0,,0,0,,0,,183,182,0.994535519125683,1,0.00546448087431694
5,astropy__astropy-14598,docker.io/swebench/sweb.eval.x86_64.astropy_1776_astropy-14598:latest,20,20,20,20,0,638,1,20650,83830,63180,0.7536681378981271,20650,0.24633186210187283,83810,63161,0.7536212862426918,20649,0.2463787137573082,0,0,,0,,0,0,,0,,20,19,0.95,1,0.05
5,astropy__astropy-14995,docker.io/swebench/sweb.eval.x86_64.astropy_1776_astropy-14995:latest,36,36,36,36,0,639,1,30172,167929,137757,0.8203288294457777,30172,0.17967117055422233,167893,137722,0.8202962601180513,30171,0.17970373988194863,0,0,,0,,0,0,,0,,36,35,0.9722222222222222,1,0.027777777777777776
5,astropy__astropy-7166,docker.io/swebench/sweb.eval.x86_64.astropy_1776_astropy-7166:latest,44,44,44,44,0,639,1,56854,244439,187585,0.767410274137924,56854,0.23258972586207602,244395,187542,0.7673724912539127,56853,0.23262750874608729,0,0,,0,,0,0,,0,,44,43,0.9772727272727273,1,0.022727272727272728
5,astropy__astropy-7336,docker.io/swebench/sweb.eval.x86_64.astropy_1776_astropy-7336:latest,21,20,21,21,0,639,1,21214,98582,77368,0.7848085857458765,21214,0.21519141425412347,98561,77348,0.7847728817686509,21213,0.2152271182313491,0,0,,0,,0,0,,0,,21,20,0.9523809523809523,1,0.047619047619047616
5,astropy__astropy-7606,docker.io/swebench/sweb.eval.x86_64.astropy_1776_astropy-7606:latest,52,52,52,52,0,640,1,21466,202388,180922,0.8939363993912682,21466,0.10606360060873174,202336,180871,0.8939140835046655,21465,0.1060859164953345,0,0,,0,,0,0,,0,,52,51,0.9807692307692307,1,0.019230769230769232
5,astropy__astropy-7671,docker.io/swebench/sweb.eval.x86_64.astropy_1776_astropy-7671:latest,24,24,24,24,0,639,1,20763,104753,83990,0.8017908794974845,20763,0.19820912050251543,104729,83967,0.8017550057768145,20762,0.19824499422318556,0,0,,0,,0,0,,0,,24,23,0.9583333333333334,1,0.041666666666666664
5,astropy__astropy-8707,docker.io/swebench/sweb.eval.x86_64.astropy_1776_astropy-8707:latest,36,36,36,36,0,638,1,27351,157892,130541,0.8267739974159553,27351,0.1732260025840448,157856,130506,0.826740827082911,27350,0.173259172917089,0,0,,0,,0,0,,0,,36,35,0.9722222222222222,1,0.027777777777777776
5,astropy__astropy-8872,docker.io/swebench/sweb.eval.x86_64.astropy_1776_astropy-8872:latest,19,19,19,19,0,639,1,23123,116909,93786,0.8022136875689639,23123,0.19778631243103612,116890,93768,0.8021900932500642,23122,0.19780990674993584,0,0,,0,,0,0,,0,,19,18,0.9473684210526315,1,0.05263157894736842
5,django__django-10097,docker.io/swebench/sweb.eval.x86_64.django_1776_django-10097:latest,45,45,45,45,0,639,1,11644,168134,156490,0.9307457147275388,11644,0.06925428527246125,168089,156446,0.9307331235238475,11643,0.06926687647615251,0,0,,0,,0,0,,0,,45,44,0.9777777777777777,1,0.022222222222222223
5,django__django-10554,docker.io/swebench/sweb.eval.x86_64.django_1776_django-10554:latest,25,25,25,25,0,638,1,16412,94037,77625,0.8254729521358615,16412,0.17452704786413858,94012,77601,0.825437178232566,16411,0.17456282176743396,0,0,,0,,0,0,,0,,25,24,0.96,1,0.04
5,django__django-10880,docker.io/swebench/sweb.eval.x86_64.django_1776_django-10880:latest,54,53,54,54,0,640,1,22403,236435,214032,0.9052466851354495,22403,0.0947533148645505,236381,213979,0.905229269695957,22402,0.09477073030404305,0,0,,0,,0,0,,0,,54,53,0.9814814814814815,1,0.018518518518518517
5,django__django-10914,docker.io/swebench/sweb.eval.x86_64.django_1776_django-10914:latest,11,8,11,11,0,640,1,42272,75145,32873,0.4374609089094417,42272,0.5625390910905582,75134,32863,0.43739185987701973,42271,0.5626081401229803,0,0,,0,,0,0,,0,,11,10,0.9090909090909091,1,0.09090909090909091
5,django__django-10973,docker.io/swebench/sweb.eval.x86_64.django_1776_django-10973:latest,7,6,7,7,0,640,1,9716,28564,18848,0.6598515614059656,9716,0.34014843859403443,28557,18842,0.6598032006163113,9715,0.34019679938368874,0,0,,0,,0,0,,0,,7,6,0.8571428571428571,1,0.14285714285714285
5,django__django-10999,docker.io/swebench/sweb.eval.x86_64.django_1776_django-10999:latest,23,23,23,23,0,640,1,29356,109450,80094,0.7317862037460028,29356,0.26821379625399727,109427,80072,0.7317389675308653,29355,0.2682610324691347,0,0,,0,,0,0,,0,,23,22,0.9565217391304348,1,0.043478260869565216
5,django__django-11066,docker.io/swebench/sweb.eval.x86_64.django_1776_django-11066:latest,8,8,8,8,0,639,1,9347,31243,21896,0.7008289856927952,9347,0.29917101430720483,31235,21889,0.7007843765007203,9346,0.29921562349927966,0,0,,0,,0,0,,0,,8,7,0.875,1,0.125
5,django__django-11087,docker.io/swebench/sweb.eval.x86_64.django_1776_django-11087:latest,21,21,21,21,0,638,1,39618,104228,64610,0.6198910081743869,39618,0.3801089918256131,104207,64590,0.6198240041455948,39617,0.3801759958544052,0,0,,0,,0,0,,0,,21,20,0.9523809523809523,1,0.047619047619047616
5,django__django-11095,docker.io/swebench/sweb.eval.x86_64.django_1776_django-11095:latest,60,60,60,60,0,639,1,12021,209552,197531,0.9426347636863404,12021,0.05736523631365962,209492,197472,0.9426231073262941,12020,0.057376892673705916,0,0,,0,,0,0,,0,,60,59,0.9833333333333333,1,0.016666666666666666
5,django__django-11099,docker.io/swebench/sweb.eval.x86_64.django_1776_django-11099:latest,21,21,21,21,0,639,1,15758,81060,65302,0.8056007895386134,15758,0.19439921046138664,81039,65282,0.8055627537358556,15757,0.19443724626414444,0,0,,0,,0,0,,0,,21,20,0.9523809523809523,1,0.047619047619047616
5,django__django-11119,docker.io/swebench/sweb.eval.x86_64.django_1776_django-11119:latest,13,13,13,13,0,639,1,16465,54671,38206,0.6988348484571345,16465,0.3011651515428655,54658,38194,0.698781514142486,16464,0.301218485857514,0,0,,0,,0,0,,0,,13,12,0.9230769230769231,1,0.07692307692307693
5,django__django-11133,docker.io/swebench/sweb.eval.x86_64.django_1776_django-11133:latest,50,50,50,50,0,639,1,16714,195563,178849,0.91453393535587,16714,0.08546606464413002,195513,178800,0.9145171932301177,16713,0.0854828067698823,0,0,,0,,0,0,,0,,50,49,0.98,1,0.02
5,django__django-11138,docker.io/swebench/sweb.eval.x86_64.django_1776_django-11138:latest,20,20,20,20,0,640,1,9884,70094,60210,0.8589893571489714,9884,0.14101064285102863,70074,60191,0.8589633815680566,9883,0.14103661843194337,0,0,,0,,0,0,,0,,20,19,0.95,1,0.05
5,django__django-11141,docker.io/swebench/sweb.eval.x86_64.django_1776_django-11141:latest,29,27,29,29,0,639,1,15354,106036,90682,0.8552001207137199,15354,0.14479987928628013,106007,90654,0.8551699416076297,15353,0.14483005839237031,0,0,,0,,0,0,,0,,29,28,0.9655172413793104,1,0.034482758620689655
5,django__django-11149,docker.io/swebench/sweb.eval.x86_64.django_1776_django-11149:latest,65,65,65,65,0,639,1,19121,298048,278927,0.9358459040154606,19121,0.0641540959845394,297983,278863,0.9358352657701949,19120,0.06416473422980505,0,0,,0,,0,0,,0,,65,64,0.9846153846153847,1,0.015384615384615385
5,django__django-11163,docker.io/swebench/sweb.eval.x86_64.django_1776_django-11163:latest,7,7,7,7,0,639,1,14328,33208,18880,0.5685377017586124,14328,0.4314622982413876,33201,18874,0.5684768531068342,14327,0.43152314689316584,0,0,,0,,0,0,,0,,7,6,0.8571428571428571,1,0.14285714285714285
5,django__django-11179,docker.io/swebench/sweb.eval.x86_64.django_1776_django-11179:latest,10,10,10,10,0,640,1,9212,37699,28487,0.7556433857662007,9212,0.2443566142337993,37689,28478,0.7556050837114278,9211,0.24439491628857227,0,0,,0,,0,0,,0,,10,9,0.9,1,0.1
5,django__django-11206,docker.io/swebench/sweb.eval.x86_64.django_1776_django-11206:latest,16,16,16,16,0,639,1,11580,65076,53496,0.8220542135349438,11580,0.17794578646505624,65060,53481,0.8220258223178605,11579,0.17797417768213955,0,0,,0,,0,0,,0,,16,15,0.9375,1,0.0625
5,django__django-11211,docker.io/swebench/sweb.eval.x86_64.django_1776_django-11211:latest,63,62,63,63,0,639,1,18486,269143,250657,0.9313153230810387,18486,0.0686846769189613,269080,250595,0.9313029582280363,18485,0.06869704177196373,0,0,,0,,0,0,,0,,63,62,0.9841269841269841,1,0.015873015873015872
5,django__django-11239,docker.io/swebench/sweb.eval.x86_64.django_1776_django-11239:latest,22,18,22,22,0,639,1,9937,76361,66424,0.8698681263996019,9937,0.1301318736003981,76339,66403,0.8698437233917132,9936,0.13015627660828671,0,0,,0,,0,0,,0,,22,21,0.9545454545454546,1,0.045454545454545456
