task_id,orig_exit_status,hit_step_limit,orig_steps,n_actions,actions_replayed,returncode_mismatches,replay_s,triggered,step,action,command,pids,orig_p_usage_bytes,peak_usage_during_replay_bytes,usage_at_trigger_bytes,freeze_usage_in_bytes,freeze_rss,freeze_cache,freeze_shmem,freeze_mapped_file,freeze_dirty,freeze_kmem_usage_in_bytes,writable_layer_bytes,freeze_latency_s,demote_s,demote_flush_s,demote_cache_write_s,demote_reclaim_s,cache_snapshot_bytes,demoted_bytes,swapped_bytes,residual_bytes,residual_kmem_bytes,cache_pages_still_resident_after_demote,promote_s,promote_process_s,promote_cache_s,promote_bytes_read,promote_read_errors,usage_after_promote_bytes,promote_recovered_fraction,error
django__django-11265,RepeatedFormatError,False,27,24,24,0,16.181015893,True,24,1,"mkdir -p /testbed/reproduction && cat > /testbed/reproduction/test_filtered_relation_exclude.py << 'EOL'
# Script to reproduce the FilteredRelation exclude issue
from django.db import models
from django.db.models import Q, FilteredRelation

class Book(models.Model):
    title = models.CharField(max_length=100)

    def __str__(self):
        return self.title

class Author(models.Model):
    name = models.CharField(max_length=100)
    books = models.ManyToManyField(Book, related_name='authors')

    def __str__(self):
        return self.name

# Create test data
author1 = Author.objects.create(name='Author 1')
author2 = Author.objects.create(name='Author 2')

book1 = Book.objects.create(title='Poem by Alice')
book2 = Book.objects.create(title='Another Book')

author1.books.add(book1)
author2.books.add(book2)

# This works
result1 = Author.objects.annotate(
    book_alice=FilteredRelation('books', condition=Q(books__title__iexact='poem by alice'))
).filter(book_alice__isnull=False)

print(f""Filter result: {list(result1)}"")

# This should work but currently fails
try:
    result2 = Author.objects.annotate(
        book_alice=FilteredRelation('books', condition=Q(books__title__iexact='poem by alice'))
    ).exclude(book_alice__isnull=False)
    print(f""Exclude result: {list(result2)}"")
except Exception as e:
    print(f""Error: {type(e).__name__}: {e}"")
EOL",1,68963573,216182784,204554240,204554240,94208,178659328,0,1458176,4096,25071616,29003,0.000256119,1.186748464,0.00076917,0.504132742,0.681846552,151137256,201138176,94208,3416064,3244032,3,0.827947251,0.003460078,0.824381465,152697832,0,163688448,0.8002202643171806,
django__django-11276,Submitted,False,83,83,83,0,18.173393906,True,83,1,echo COMPLETE_TASK_AND_SUBMIT_FINAL_OUTPUT && cat patch.txt,1,30219714,235638784,184541184,184541184,94208,157032448,0,1511424,40960,26701824,1031371,0.00019777,0.871479436,0.001140856,0.456779324,0.413559256,132463564,183537664,61440,1003520,917504,2,0.832305162,0.003442676,0.828792856,134077388,0,137830400,0.7468815199538332,
django__django-11292,Submitted,False,24,26,26,0,5.801197216,True,24,1,echo COMPLETE_TASK_AND_SUBMIT_FINAL_OUTPUT && cat patch.txt,1,23745740,94871552,94228480,94228480,98304,77819904,0,1531904,16384,15831040,83700,0.000193472,0.342497149,0.0009024,0.195570313,0.146024436,59409861,82866176,98304,11362304,11214848,2,0.336844776,0.003573932,0.333203609,61048261,0,65380352,0.6938491632253858,
django__django-11299,Submitted,False,62,63,63,0,22.164909537,True,62,1,echo COMPLETE_TASK_AND_SUBMIT_FINAL_OUTPUT && cat patch.txt,1,29342105,158236672,145510400,145510400,94208,118943744,0,1458176,258048,26066944,1572975,0.000196908,0.713968103,0.000676066,0.353920894,0.359371143,90217409,142520320,94208,2990080,2850816,2,0.796672458,0.003596985,0.793007215,91777985,0,99913728,0.686643209007741,
django__django-11333,Submitted,False,23,20,20,0,4.315130948,True,23,1,echo COMPLETE_TASK_AND_SUBMIT_FINAL_OUTPUT && cat patch.txt,1,16900096,80101376,72028160,72028160,98304,61968384,0,1613824,40960,9560064,88176,0.000201547,0.280080653,0.00119635,0.114191699,0.164692604,51467198,62828544,61440,9199616,8691712,2,0.08019103100000001,0.003350824,0.076799852,53187518,0,52772864,0.7326698891100369,
django__django-11400,Submitted,False,45,43,43,0,9.658622133,True,45,1,echo COMPLETE_TASK_AND_SUBMIT_FINAL_OUTPUT && cat patch.txt,1,18790400,164040704,158646272,158646272,94208,131330048,0,1462272,122880,26501120,919836,0.000188102,0.752363947,0.001400963,0.410092537,0.340870447,103853523,157577216,94208,1069056,978944,2,0.806971474,0.00356294,0.803339124,105418195,0,114040832,0.718837137250852,
django__django-11433,Submitted,False,53,55,55,0,10.954278906,True,53,1,echo COMPLETE_TASK_AND_SUBMIT_FINAL_OUTPUT && cat patch.txt,1,17225646,82436096,68882432,68882432,94208,59043840,0,1585152,36864,9449472,200612,0.000202619,0.218577229,0.000857997,0.110017459,0.107701773,48072048,60977152,94208,7905280,7860224,2,0.07366399400000001,0.003670222,0.069953626,49759600,0,49164288,0.7137420467384195,
django__django-11451,Submitted,False,21,18,18,0,3.997147444,True,21,1,echo COMPLETE_TASK_AND_SUBMIT_FINAL_OUTPUT && cat patch.txt,1,14781521,75833344,83083264,83083264,94208,71176192,0,1458176,16384,11689984,44945,0.000204283,0.322551912,0.00096689,0.152109128,0.169475894,57598934,75427840,61440,7655424,7614464,2,0.171622644,0.003459958,0.168109796,59159510,0,60370944,0.7266318280418064,
django__django-11477,Submitted,False,77,78,78,0,18.618512429,True,77,1,echo COMPLETE_TASK_AND_SUBMIT_FINAL_OUTPUT && cat patch.txt,1,29091225,141332480,124518400,124518400,94208,106156032,0,1462272,376832,17797120,1939852,0.000209262,0.556786547,0.004619128,0.277528229,0.27463919,93872136,116318208,61440,8200192,7680000,2,0.41308883100000005,0.003118388,0.409902565,95436808,0,91947008,0.738421052631579,
django__django-11490,Submitted,False,25,27,27,0,6.519514302,True,25,1,echo COMPLETE_TASK_AND_SUBMIT_FINAL_OUTPUT && cat patch.txt,1,21558886,114970624,100519936,100519936,90112,88215552,0,1605632,2535424,11972608,2205463,0.000200064,0.393759447,0.005301335,0.18827206,0.200186052,84924457,92049408,90112,8470528,8028160,22,0.185457135,0.003352417,0.182053913,86628393,0,77598720,0.7719734322154761,
django__django-11532,RepeatedFormatError,False,65,61,61,0,14.512583337,True,62,1,cp /testbed/django/core/mail/message.py /testbed/django/core/mail/message.py.bak,1,8063016,118198272,93261824,93261824,94208,80515072,0,1617920,45056,12050432,1858545,0.000196077,0.376555567,0.005010291,0.18449978,0.187045496,75766395,84054016,61440,9207808,8777728,2,0.184707934,0.003196865,0.181455265,77486715,0,69361664,0.7437305107822039,
django__django-11551,Submitted,False,9,9,9,0,2.60997654,True,9,1,echo COMPLETE_TASK_AND_SUBMIT_FINAL_OUTPUT && cat patch.txt,1,20908441,99057664,96219136,96219136,94208,79659008,0,1511424,98304,15904768,128070,0.000200545,0.343648974,0.001017214,0.198107367,0.144524393,60991327,89038848,94208,7180288,6807552,2,0.324949913,0.003475817,0.321409165,62605151,0,67346432,0.6999276318590099,
django__django-11555,Submitted,False,63,58,58,0,15.582269299,True,63,1,echo COMPLETE_TASK_AND_SUBMIT_FINAL_OUTPUT && cat patch.txt,1,23923998,119623680,106217472,106217472,94208,88514560,0,1507328,0,17129472,147612,0.000193402,0.394425802,0.000792083,0.23223002,0.161403699,68600554,94580736,61440,11636736,11599872,2,0.384752509,0.00334356,0.381344729,70210282,0,75104256,0.7070800555298473,
django__django-11603,RepeatedFormatError,False,7,4,4,0,1.258147174,True,4,1,cat django/db/models/aggregates.py,1,12125798,48041984,50081792,50081792,98304,40112128,0,1605632,16384,9306112,19544,0.000203511,0.17228829,0.000534291,0.070914515,0.100839484,29391661,41177088,61440,8904704,8445952,2,0.057603181999999996,0.003275903,0.054289979,31103789,0,30769152,0.6143780158665249,
django__django-11728,Submitted,False,27,32,32,0,8.279096277,True,27,1,echo COMPLETE_TASK_AND_SUBMIT_FINAL_OUTPUT && cat patch.txt,1,23616880,229507072,216264704,216182784,94208,190078976,0,1589248,12288,25296896,52331,0.000246431,0.806521802,0.000338844,0.497926972,0.308255986,161853655,215289856,61440,892928,839680,2,0.8255725079999999,0.003036596,0.822463476,163545303,0,172072960,0.7959605145986093,
django__django-11734,Submitted,False,67,65,65,0,14.53360726,True,67,1,echo COMPLETE_TASK_AND_SUBMIT_FINAL_OUTPUT && cat patch.txt,1,24087388,183083008,169975808,169975808,94208,140865536,0,1589248,3604480,28368896,3096824,0.000204062,0.878159374,0.005124705,0.44898326,0.424051409,120031267,168550400,61440,1425408,1220608,2,0.860918794,0.003200422,0.857650224,121722915,0,120508416,0.7089739264542869,
django__django-11740,LimitsExceeded,True,250,249,249,1,64.325639789,True,250,1,"cd /testbed && git reset --hard && sed -i '/self.add_operation(/i \
                # Add dependencies for foreign keys\n                dependencies = []\n                if hasattr(field, ""remote_field"") and getattr(field.remote_field, ""model"", None):\n                    dependencies.extend(self._get_dependencies_for_foreign_key(field))' django/db/migrations/autodetector.py && sed -i '/self.add_operation(/ s/$/, dependencies=dependencies)/' django/db/migrations/autodetector.py && git diff django/db/migrations/autodetector.py | grep -A 820 ""generate_altered_fields""",1,108948930,264601600,235065344,235065344,90112,190361600,0,1626112,2351104,43945984,51986762,0.000233758,1.089454111,0.16075018,0.513994067,0.414709864,152296734,227430400,90112,7634944,5001216,2,0.905416744,0.003677793,0.901667106,154021150,0,159232000,0.6773946226628796,
django__django-11749,RepeatedFormatError,False,30,29,29,0,7.282396992,True,27,1,cat patch.txt,1,22448046,111886336,112115712,112115712,98304,94945280,0,1585152,512000,16601088,434940,0.000177222,0.464393394,0.002184199,0.238051075,0.22415812,78972197,104452096,61440,7663616,7581696,2,0.38415384199999997,0.003654523,0.380431041,80663845,0,81182720,0.7240976180037995,
django__django-11790,RepeatedFormatError,False,24,19,19,0,4.590410593,True,21,1,"grep -A 20 ""autocapitalize"" ./tests/auth_tests/test_forms.py",1,22725017,90996736,78217216,78217216,98304,61755392,0,1581056,12288,15876096,19544,0.000234199,0.331912879,0.000206236,0.16631757,0.165389073,42771057,70995968,98304,7221248,7213056,2,0.32944312800000003,0.003532492,0.325846175,44458609,0,48812032,0.6240573942186846,
django__django-11815,Submitted,False,27,31,31,0,6.613264278,True,27,1,echo COMPLETE_TASK_AND_SUBMIT_FINAL_OUTPUT && cat patch.txt,1,18965790,92430336,80302080,80302080,98304,68616192,0,1503232,61440,11124736,74206,0.00027246,0.257299293,0.000894273,0.12468174,0.13172328,54417573,71020544,61440,9281536,8998912,2,0.090517425,0.003691238,0.086784609,56027301,0,56553472,0.704259117572048,
django__django-11820,Submitted,False,30,32,32,0,12.97167543,True,30,1,echo COMPLETE_TASK_AND_SUBMIT_FINAL_OUTPUT && cat patch.txt,1,27229265,127033344,125083648,125083648,94208,105848832,0,1597440,1155072,18776064,2201589,0.000172924,0.578169634,0.005655425,0.283157498,0.289356711,94418169,116670464,94208,8413184,7925760,2,0.42867478299999995,0.003259391,0.425348166,96118009,0,91836416,0.7342000130984347,
django__django-11848,Submitted,False,69,67,67,0,13.270992973,True,69,1,echo COMPLETE_TASK_AND_SUBMIT_FINAL_OUTPUT && cat patch.txt,1,14581760,81133568,67682304,67682304,94208,63774720,0,1589248,884736,3497984,896224,0.000201437,0.349671531,0.000499736,0.159663358,0.189508437,71533616,65806336,73728,1875968,1593344,2,0.107809865,0.003313762,0.104455106,73225264,0,59260928,0.8755749213265553,
django__django-11880,RepeatedFormatError,False,14,10,10,0,2.700351788,True,11,1,python reproduce_bug.py,1,17444864,73846784,77762560,77762560,94208,65744896,0,1630208,602112,11309056,573359,0.000206176,0.314851258,0.015598084,0.14594318,0.153309994,58699033,68599808,61440,9162752,8806400,2,0.121210163,0.003564003,0.117600825,60431641,0,54648832,0.7027653410587306,
django__django-11885,Submitted,False,45,46,46,0,9.533034725,True,45,1,echo COMPLETE_TASK_AND_SUBMIT_FINAL_OUTPUT && cat patch.txt,1,12168191,93159424,79921152,79921152,94208,68591616,0,1462272,45056,10084352,911631,0.000205394,0.275605423,0.000377236,0.121511758,0.153716429,56443014,71413760,94208,8507392,8159232,2,0.091571555,0.003428197,0.088100929,58007686,0,57675776,0.7216584665846658,
django__django-11951,Submitted,False,13,13,13,0,3.569224541,True,13,1,echo COMPLETE_TASK_AND_SUBMIT_FINAL_OUTPUT && cat patch.txt,1,19338977,113041408,104357888,104357888,98304,85626880,0,1626112,98304,18194432,117968,0.000190557,0.495590223,0.001121088,0.253917778,0.240551357,64870095,96976896,81920,7380992,6619136,2,0.490554908,0.003935296,0.486551735,66602703,0,70352896,0.6741502472721563,
django__django-11964,LimitsExceeded,True,250,248,248,0,56.60086284,True,250,1,python fix_pre_save.py,1,21594275,100954112,73359360,73359360,94208,66768896,0,1597440,0,5947392,3430212,0.000237725,0.367664033,0.005815115,0.191792182,0.170056736,80036794,70909952,61440,2449408,2314240,2,0.198424888,0.003385237,0.194984998,81736634,0,62267392,0.8487995533221664,
django__django-11999,Submitted,False,34,33,33,0,11.212759793,True,34,1,echo COMPLETE_TASK_AND_SUBMIT_FINAL_OUTPUT && cat patch.txt,1,26602209,132739072,118956032,118956032,94208,102240256,0,1581056,2392064,16117760,2227597,0.000212418,0.531645766,0.048017945,0.264592074,0.219035747,94096403,111689728,61440,7266304,6983680,2,0.35154739700000004,0.003743207,0.347735191,95779859,0,89030656,0.7484333034914951,
django__django-12039,Submitted,False,27,26,26,0,5.75242405,True,27,1,echo COMPLETE_TASK_AND_SUBMIT_FINAL_OUTPUT && cat patch.txt,1,16752230,90157056,81346560,81346560,94208,71647232,0,1503232,303104,9281536,269402,0.000183023,0.329332477,0.006977534,0.15295116,0.169403783,65736850,74399744,61440,6946816,6836224,2,0.116095706,0.003423771,0.112629285,67342482,0,62373888,0.7667673716012084,
django__django-12050,Submitted,False,13,11,11,0,3.482506603,True,13,1,echo COMPLETE_TASK_AND_SUBMIT_FINAL_OUTPUT && cat patch.txt,1,25590169,117559296,118788096,118788096,94208,100679680,0,1630208,1519616,17428480,1493357,0.000200425,0.548772607,0.03359668,0.256609888,0.258566039,87250329,109920256,94208,8867840,8658944,2,0.391415385,0.003501234,0.387834402,88982937,0,87343104,0.7352849901727526,
django__django-12125,Submitted,False,62,61,61,0,14.981909325,True,62,1,echo COMPLETE_TASK_AND_SUBMIT_FINAL_OUTPUT && cat patch.txt,1,23316725,107941888,98009088,98009088,94208,85938176,0,1622016,434176,11485184,2309336,0.000170819,0.407119797,0.005293581,0.200969148,0.200857068,85367437,90058752,90112,7950336,7757824,2,0.200510008,0.003830942,0.196626798,87091853,0,76611584,0.7816783684386492,
django__django-12143,Submitted,False,29,29,29,0,6.153718472,True,29,1,echo COMPLETE_TASK_AND_SUBMIT_FINAL_OUTPUT && cat patch.txt,1,18654658,76881920,77512704,77512704,98304,66457600,0,1597440,24576,10350592,219956,0.000210304,0.299696458,0.000813674,0.125163966,0.173718818,53934022,68796416,98304,8716288,8478720,2,0.08561544,0.003853176,0.081721808,55637958,0,55574528,0.7169731557810188,
django__django-12155,Submitted,False,39,39,39,0,9.828866698,True,39,1,echo COMPLETE_TASK_AND_SUBMIT_FINAL_OUTPUT && cat patch.txt,1,25259376,182181888,180834304,180834304,98304,151334912,0,1617920,0,28401664,2439496,0.000189485,0.917628628,0.005294122,0.479559117,0.432775389,128112349,179331072,57344,1503232,1327104,2,0.854609116,0.003424912,0.851116747,129836765,0,131391488,0.7265849736120863,
django__django-12193,Submitted,False,29,31,31,0,11.593863407,True,29,1,echo COMPLETE_TASK_AND_SUBMIT_FINAL_OUTPUT && cat patch.txt,1,50955468,172384256,146808832,146808832,98304,123863040,0,1449984,10457088,21692416,13947023,0.00026742,0.73980697,0.007291571,0.358716766,0.373798633,115132112,137543680,36864,9265152,8597504,2,0.528262474,0.003625498,0.524570242,116688592,0,110575616,0.7531945761955248,
django__django-12209,Submitted,False,131,132,132,0,30.901063278,True,131,1,echo COMPLETE_TASK_AND_SUBMIT_FINAL_OUTPUT && cat patch.txt,1,23568343,264978432,197107712,197107712,94208,167440384,0,1626112,0,29048832,3399499,0.000207108,0.93805007,0.006278284,0.484154628,0.447617158,148013827,194707456,61440,2400256,1884160,2,0.948395844,0.003764187,0.944556797,149742339,0,149504000,0.758488840862807,
django__django-12262,Submitted,False,70,69,69,0,15.532619582,True,70,1,echo COMPLETE_TASK_AND_SUBMIT_FINAL_OUTPUT && cat patch.txt,1,20328120,116891648,103600128,103600128,98304,89952256,0,1462272,16384,12451840,1919309,0.000209302,0.41810458,0.005067287,0.199853659,0.213183634,84756791,92254208,81920,11345920,11292672,2,0.192044589,0.003714424,0.188273348,86325559,0,78749696,0.7601312616138852,
django__django-12273,Submitted,False,31,30,30,0,5.71854715,True,31,1,echo COMPLETE_TASK_AND_SUBMIT_FINAL_OUTPUT && cat patch.txt,1,15824076,69869568,56922112,56922112,94208,53280768,0,1503232,937984,2527232,1018693,0.000192351,0.259389813,0.00274545,0.114693943,0.14195042,54200699,55713792,61440,1208320,929792,2,0.08015308700000001,0.003652508,0.076461937,55806331,0,48791552,0.8571634165647262,
django__django-12276,Submitted,False,67,64,64,0,13.2076364,True,67,1,echo COMPLETE_TASK_AND_SUBMIT_FINAL_OUTPUT && cat patch.txt,1,19448135,116789248,102313984,102313984,90112,88883200,0,1617920,81920,13131776,725594,0.000204704,0.499598347,0.00182107,0.203129213,0.294648064,80297037,93941760,90112,8372224,8286208,2,0.249177179,0.004024094,0.2450704,82013261,0,77631488,0.7587573561791905,
django__django-12304,RepeatedFormatError,False,8,6,6,0,2.123569396,True,5,1,"grep -A 10 -B 10 ""do_not_call_in_templates"" ./django/template/base.py",1,14447124,78962688,78704640,78704640,94208,62025728,0,1462272,8192,15966208,19544,0.000180978,0.261888696,0.000147796,0.160518001,0.101222899,43197237,71864320,61440,6840320,6803456,2,0.340743167,0.003746764,0.336928315,44761909,0,49131520,0.6242518865469685,
django__django-12308,Submitted,False,67,70,70,0,14.687801535,True,67,1,echo COMPLETE_TASK_AND_SUBMIT_FINAL_OUTPUT && cat patch.txt,1,20375511,113115136,99250176,99229696,94208,83271680,0,1622016,57344,14745600,97237,0.000179707,0.409320523,0.0005285,0.184113539,0.224678484,65544140,88518656,61440,10711040,10612736,2,0.260872122,0.003493709,0.257319814,67268556,0,70172672,0.7071741104598366,
django__django-12325,RepeatedFormatError,False,41,38,38,0,9.44280902,True,38,1,python3 fix_indentation.py && python3 reproduce_issue.py,1,23899668,125636608,113324032,113324032,98304,93790208,0,1605632,2457600,18747392,2216297,0.000207058,0.482799997,0.004945879,0.257092643,0.220761475,82232114,104865792,98304,8458240,7909376,2,0.435063112,0.003734732,0.431262497,83944242,0,79622144,0.7026059926988831,
django__django-12406,Submitted,False,68,66,66,0,16.243407516,True,68,1,echo COMPLETE_TASK_AND_SUBMIT_FINAL_OUTPUT && cat patch.txt,1,30255226,251846656,199925760,199925760,94208,169549824,0,1581056,4096,29446144,3320272,0.000200686,0.893898482,0.00623098,0.504870512,0.38279699,150112328,197996544,61440,1929216,1851392,2,0.903021464,0.003603747,0.899338689,151795784,0,151506944,0.7578160213071092,
django__django-12419,Submitted,False,28,26,26,0,7.797049554,True,28,1,echo COMPLETE_TASK_AND_SUBMIT_FINAL_OUTPUT && cat patch.txt,1,31118376,252899328,239456256,239456256,90112,210829312,0,1507328,2117632,27459584,1892414,0.000194204,1.031413637,0.004528619,0.567172609,0.459712409,189342962,236179456,90112,3276800,2408448,7,0.9378140709999999,0.003555066,0.93418704,190948594,0,192647168,0.8045192521510066,
django__django-12663,Submitted,False,107,105,105,0,22.991388761,True,107,1,echo COMPLETE_TASK_AND_SUBMIT_FINAL_OUTPUT && cat patch.txt,1,25089843,121995264,106397696,106397696,90112,92241920,0,1597440,24576,13307904,2891160,0.000198842,0.470177224,0.006982434,0.230927471,0.232267319,89450302,99024896,61440,7372800,6934528,2,0.28888547400000003,0.003580503,0.285239929,91146046,0,81854464,0.7693255312596242,
django__django-12708,RepeatedFormatError,False,78,75,75,0,17.551737176,True,75,1,python create_schema.py,1,20428800,138104832,111120384,111120384,94208,96198656,0,1617920,4096,14462976,2935829,0.000177021,0.466045135,0.004813679,0.216323191,0.244908265,88708706,101785600,61440,9334784,9281536,2,0.226522059,0.003791434,0.222665443,90429026,0,82481152,0.7422684212466364,
django__django-12713,Submitted,False,18,15,15,0,3.965393676,True,18,1,echo COMPLETE_TASK_AND_SUBMIT_FINAL_OUTPUT && cat patch.txt,1,21300838,106061824,99323904,99323904,94208,82132992,0,1458176,16384,16596992,223265,0.000199003,0.39956902,0.000654705,0.19624938,0.202664935,61888133,88780800,94208,10543104,10293248,2,0.351546409,0.003362592,0.348117332,63448709,0,68517888,0.6898428801187678,
django__django-12741,Submitted,False,12,12,12,0,3.824013275,True,12,1,echo COMPLETE_TASK_AND_SUBMIT_FINAL_OUTPUT && cat patch.txt,1,24942182,224780288,215097344,215097344,98304,188755968,0,1589248,16384,25772032,84260,0.00022393,0.947038214,0.001215155,0.491738712,0.454084347,159133125,213659648,98304,1437696,1183744,2,0.864581863,0.003512887,0.861000989,160828869,0,170188800,0.7912175800738851,
django__django-12754,Submitted,False,135,136,136,4,37.593707109,True,135,1,echo COMPLETE_TASK_AND_SUBMIT_FINAL_OUTPUT && cat patch.txt,1,38825902,129744896,96747520,96747520,94208,81580032,0,1511424,0,14446592,3410840,0.000182061,0.42266417,0.00832105,0.197644055,0.216699065,76992502,87601152,94208,9146368,8990720,2,0.239121239,0.003866741,0.235192432,78606326,0,69435392,0.717696867061812,
django__django-12774,Submitted,False,42,42,42,0,10.607557887,True,42,1,echo COMPLETE_TASK_AND_SUBMIT_FINAL_OUTPUT && cat patch.txt,1,23799070,115314688,102658048,102658048,94208,89452544,0,1630208,57344,12652544,2321040,0.000245871,0.446621867,0.005546267,0.20565598,0.23541962,85679868,93958144,94208,8699904,8384512,2,0.19679424399999998,0.003477854,0.193261166,87412476,0,78221312,0.7619598611499022,
django__django-12858,Submitted,False,54,53,53,0,12.715161063,True,54,1,echo COMPLETE_TASK_AND_SUBMIT_FINAL_OUTPUT && cat patch.txt,1,26444103,140185600,126816256,126816256,98304,107958272,0,1589248,40960,18333696,2255545,0.000188774,0.515649599,0.004933037,0.284192681,0.226523881,96962330,119353344,98304,7462912,7262208,2,0.441080023,0.003342609,0.437666952,98658074,0,93605888,0.7381221536772068,
django__django-12965,Submitted,False,13,15,15,0,3.330874005,True,13,1,echo COMPLETE_TASK_AND_SUBMIT_FINAL_OUTPUT && cat patch.txt,1,17040670,67969024,67944448,67944448,98304,57880576,0,1622016,20480,9736192,43977,0.000211055,0.224289202,0.001283463,0.101444437,0.121561302,46340414,58839040,98304,9105408,8884224,2,0.074972733,0.003380459,0.071553391,48068926,0,47931392,0.705449722691102,
django__django-13012,RepeatedFormatError,False,65,58,58,0,12.264711114,True,62,1,"sed -n '850,870p' django/db/models/expressions.py",1,14488698,165023744,155901952,155901952,94208,128307200,0,1449984,110592,27025408,1029660,0.000180418,0.765932522,0.001183706,0.387347258,0.377401558,97531884,152690688,94208,3211264,3018752,2,0.772203514,0.003368377,0.768765867,99084268,0,108220416,0.694156901896905,
django__django-13023,Submitted,False,67,68,68,0,15.368604689,True,67,1,echo COMPLETE_TASK_AND_SUBMIT_FINAL_OUTPUT && cat patch.txt,1,22619095,130138112,128360448,128360448,94208,107724800,0,1613824,16384,19922944,820795,0.000204323,0.6244738,0.001982762,0.310520897,0.311970141,94604890,124657664,61440,3702784,3403776,2,0.565270838,0.003406238,0.561791033,96321114,0,92008448,0.7167974982449422,
django__django-13028,Submitted,False,20,20,20,0,5.077550543,True,20,1,echo COMPLETE_TASK_AND_SUBMIT_FINAL_OUTPUT && cat patch.txt,1,22934323,150093824,142168064,142168064,98304,114577408,0,1630208,921600,26988544,1056687,0.000269365,0.675179769,0.002219866,0.365504816,0.307455087,85921911,140754944,57344,1413120,1339392,2,0.8214824300000001,0.003212796,0.818178814,87658615,0,96915456,0.6816963899853064,
django__django-13033,Submitted,False,169,167,167,0,37.117525683,True,169,1,echo COMPLETE_TASK_AND_SUBMIT_FINAL_OUTPUT && cat patch.txt,1,24961228,140505088,139116544,139104256,94208,118624256,0,1511424,24576,19931136,2648590,0.00018165,0.664266009,0.006543912,0.363671003,0.294051094,114046441,136671232,69632,2433024,2093056,2,0.5958230649999999,0.003239405,0.592515833,115660265,0,103514112,0.7441476988310121,
django__django-13089,Submitted,False,12,12,12,0,2.772345797,True,12,1,echo COMPLETE_TASK_AND_SUBMIT_FINAL_OUTPUT && cat patch.txt,1,12579635,76468224,70590464,70529024,90112,60096512,0,1540096,20480,10080256,62635,0.000200916,0.243484844,0.000900266,0.105009492,0.137575086,48063008,61259776,90112,9269248,9170944,2,0.073977631,0.003502237,0.070433706,49701408,0,49868800,0.7070677739706138,
django__django-13109,Submitted,False,50,49,49,0,11.843213097,True,50,1,echo COMPLETE_TASK_AND_SUBMIT_FINAL_OUTPUT && cat patch.txt,1,30640332,184332288,178348032,178348032,94208,147570688,0,1613824,98304,29818880,3485548,0.000177222,0.874485067,0.006726505,0.479718412,0.38804015,128187774,176218112,61440,2129920,1966080,2,0.940597817,0.003218647,0.937288871,129903998,0,129597440,0.7266547241743604,
django__django-13112,Submitted,False,42,42,42,0,20.258502261,True,42,1,echo COMPLETE_TASK_AND_SUBMIT_FINAL_OUTPUT && cat patch.txt,1,32956375,186617856,172929024,172929024,94208,146173952,0,1630208,4096,25767936,24230,0.000175769,0.775192733,0.000661749,0.396353686,0.378177298,116699453,166526976,94208,6402048,6393856,2,0.806984928,0.003677906,0.803229607,118432061,0,127582208,0.7377720931334233,
django__django-13121,Submitted,False,40,41,41,0,10.837790248,True,40,1,echo COMPLETE_TASK_AND_SUBMIT_FINAL_OUTPUT && cat patch.txt,1,26564034,164515840,153059328,153059328,94208,127234048,0,1589248,405504,25116672,2394556,0.000188353,0.753686994,0.006384844,0.388212561,0.359089589,110027307,149819392,61440,3239936,2748416,15,0.754472961,0.003369048,0.751031287,111718955,0,109481984,0.7152911582102334,
