run,task_id,calls,regular_s,lazy_s,orig_s,slowdown,slowdown_vs_orig
qwen-run-20260923T053154Z-PF12hU,astropy__astropy-12907,11,3.908935599,4.899313119,3.598161577,1.2533624550512839,1.3616156512584539
qwen-run-20260923T053154Z-PF12hU,astropy__astropy-13033,39,8.858957932,11.961098832,8.444148615,1.3501699549553747,1.4164955376025201
qwen-run-20260923T053154Z-PF12hU,astropy__astropy-13236,17,3.834756369,5.089493435,3.373232304,1.3272012470318162,1.5087883004573526
qwen-run-20260923T053154Z-PF12hU,astropy__astropy-13398,32,6.738662292,10.369068138,6.324269662,1.538742808095598,1.6395676800917538
qwen-run-20260923T053154Z-PF12hU,astropy__astropy-13453,54,11.915966415,15.948889892,11.251060628,1.3384470328754279,1.4175454580974107
qwen-run-20260923T053154Z-PF12hU,astropy__astropy-13579,20,5.941450525,7.721187803,5.478247946,1.2995459224159744,1.409426495315479
qwen-run-20260923T053154Z-PF12hU,astropy__astropy-13977,38,10.142548483,13.29760787,9.406826902,1.311071659385037,1.4136124761871376
qwen-run-20260923T053154Z-PF12hU,astropy__astropy-14096,56,18.386237522,24.784435309,17.581118425,1.3479884222829308,1.4097189217357768
qwen-run-20260923T053154Z-PF12hU,astropy__astropy-14182,55,17.070052902,23.307212034,16.335335625,1.3653860458317166,1.4267972552905537
qwen-run-20260923T053154Z-PF12hU,astropy__astropy-14309,64,15.822859509,22.055807401,15.286413944,1.3939204470882596,1.4428372463155117
qwen-run-20260923T053154Z-PF12hU,astropy__astropy-14365,11,3.109934734,3.866923373,2.742573783,1.2434098152363349,1.4099614737694004
qwen-run-20260923T053154Z-PF12hU,astropy__astropy-14369,4,0.861131863,1.089752281,0.733417947,1.265488280974223,1.4858543964700663
qwen-run-20260923T053154Z-PF12hU,astropy__astropy-14508,30,7.013496163,9.77881486,6.648995259,1.394285336832229,1.4707206847175165
qwen-run-20260923T053154Z-PF12hU,astropy__astropy-14539,183,44.265560254,62.140054575,43.086044092,1.4038013800894973,1.4422316061858613
qwen-run-20260923T053154Z-PF12hU,astropy__astropy-14598,20,4.457799492,5.910939484,4.056936369,1.3259769746503438,1.4569958575556847
qwen-run-20260923T053154Z-PF12hU,astropy__astropy-14995,36,10.860154021,14.233248153,10.140003307,1.3105935814057088,1.4036729300841833
qwen-run-20260923T053154Z-PF12hU,astropy__astropy-7166,44,10.958460449,15.127971141,10.055143246,1.3804832541399994,1.5045008082821698
qwen-run-20260923T053154Z-PF12hU,astropy__astropy-7336,21,5.411271495,7.236850341999999,5.0545375230000005,1.3373659681808294,1.4317532136361981
qwen-run-20260923T053154Z-PF12hU,astropy__astropy-7606,52,10.860510786,15.125683012,10.381144239,1.392722986058641,1.457034279051404
qwen-run-20260923T053154Z-PF12hU,astropy__astropy-7671,24,5.425393971,7.483271476,5.09463416,1.3793047133535068,1.468853550811193
qwen-run-20260923T053154Z-PF12hU,astropy__astropy-8707,36,11.077097865999999,14.174943856999999,10.22100909,1.2796622390155563,1.3868438754123051
qwen-run-20260923T053154Z-PF12hU,astropy__astropy-8872,19,5.497274304,7.496970469,5.159715038,1.363761394177648,1.45298149486681
qwen-run-20260923T053154Z-PF12hU,django__django-10097,45,10.418887868,14.063000343,9.392465598,1.349760216365542,1.497263971453303
qwen-run-20260923T053154Z-PF12hU,django__django-10554,25,5.769791185,7.636904058,5.140366922,1.3236014637503732,1.4856729439517624
qwen-run-20260923T053154Z-PF12hU,django__django-10880,54,14.670129946,20.594139574,13.376840586,1.4038143935879217,1.5395368915103553
qwen-run-20260923T053154Z-PF12hU,django__django-10914,11,3.931541026,5.130957981,2.455469074,1.3050755281626303,2.0896039927074237
qwen-run-20260923T053154Z-PF12hU,django__django-10973,7,1.931774126,2.75726354,1.4877447670000001,1.4273219124791197,1.8533175858920696
qwen-run-20260923T053154Z-PF12hU,django__django-10999,23,16.654632838,18.348669042,14.321257966000001,1.10171561393625,1.2812190860301134
qwen-run-20260923T053154Z-PF12hU,django__django-11066,8,2.022715237,2.569194879,1.565718889,1.270171318237813,1.6409043136989323
qwen-run-20260923T053154Z-PF12hU,django__django-11087,21,15.814594279000001,18.372679282,13.951015367999998,1.1617547031476392,1.3169420861037935
qwen-run-20260923T053154Z-PF12hU,django__django-11095,60,11.963427042,16.58871833,11.192487166,1.386619258157549,1.48212976114839
qwen-run-20260923T053154Z-PF12hU,django__django-11099,21,4.801831143,6.35468133,4.070861831,1.32338708729142,1.5610162156839853
qwen-run-20260923T053154Z-PF12hU,django__django-11119,13,8.948128882,9.760464505,7.9493924730000005,1.0907827361130311,1.2278252128261726
qwen-run-20260923T053154Z-PF12hU,django__django-11133,50,11.203339768,15.499549467,10.563926721,1.38347580167757,1.4672147844596923
qwen-run-20260923T053154Z-PF12hU,django__django-11138,20,4.362905647,6.19957369,3.85731991,1.42097358769675,1.607223106885112
qwen-run-20260923T053154Z-PF12hU,django__django-11141,29,6.349342335,8.922495576,5.616874345,1.4052629556317662,1.5885161440263622
qwen-run-20260923T053154Z-PF12hU,django__django-11149,65,19.734051174,26.891763914,18.710435116,1.3627087351141778,1.4372602105337378
qwen-run-20260923T053154Z-PF12hU,django__django-11163,7,2.1575479300000002,2.611638155,1.474628401,1.2104658805888033,1.7710483218883835
qwen-run-20260923T053154Z-PF12hU,django__django-11179,10,1.95476516,2.610306578,1.815573805,1.3353555871642402,1.4377309095401933
qwen-run-20260923T053154Z-PF12hU,django__django-11206,16,3.734352035,4.979822599,3.217221616,1.3335171811138582,1.547864335560277
qwen-run-20260923T053154Z-PF12hU,django__django-11211,63,16.852221276,24.748265043,15.769874403,1.4685461719070296,1.5693381196677119
qwen-run-20260923T053154Z-PF12hU,django__django-11239,22,4.845932589,7.085749174,4.3060805349999995,1.4622054772458577,1.645521749165335
qwen-run-20260923T073021Z-LtPzSb,django__django-11265,24,16.561581013,18.260850714,14.644225415000001,1.1026031089463113,1.2469659675748714
qwen-run-20260923T073021Z-LtPzSb,django__django-11276,83,18.243795251999998,24.870220298,17.184511685,1.3632152715194263,1.447246261859666
qwen-run-20260923T073021Z-LtPzSb,django__django-11292,26,5.794863443,7.992260702,5.038966949,1.3791974186474372,1.5860911140895837
qwen-run-20260923T073021Z-LtPzSb,django__django-11299,63,22.08000474,28.075202608,20.63406265,1.271521584283863,1.360624084758219
qwen-run-20260923T073021Z-LtPzSb,django__django-11333,20,4.267162621,5.794125478,3.799337284,1.3578403245016615,1.5250358272745548
qwen-run-20260923T073021Z-LtPzSb,django__django-11400,43,9.453325142,13.755649030999999,8.81882834,1.4551122302865989,1.559804602229053
qwen-run-20260923T073021Z-LtPzSb,django__django-11433,55,10.915745032,15.995067325,10.445736234,1.4653207159117163,1.531253227794264
qwen-run-20260923T073021Z-LtPzSb,django__django-11451,18,4.031597341,5.296456511000001,3.456856985,1.3137364828418763,1.5321595698006583
qwen-run-20260923T073021Z-LtPzSb,django__django-11477,78,18.387283407,27.013702397,17.510956836,1.4691513585261833,1.5426742610354522
qwen-run-20260923T073021Z-LtPzSb,django__django-11490,27,6.441123942,8.733063348,5.841077672,1.3558291109809544,1.4951116623329845
qwen-run-20260923T073021Z-LtPzSb,django__django-11532,61,14.598936647,20.915876337,14.007907908,1.4326986165323277,1.4931477615622257
qwen-run-20260923T073021Z-LtPzSb,django__django-11551,9,2.643448774,3.627293841,1.962104326,1.3721823841175749,1.848675319112466
qwen-run-20260923T073021Z-LtPzSb,django__django-11555,58,15.52119126,21.012490384,14.51918896,1.353793663902058,1.4472220481384244
qwen-run-20260923T073021Z-LtPzSb,django__django-11603,4,1.2683501990000001,1.4909564219999998,0.858372047,1.1755084858862388,1.7369582656039122
qwen-run-20260923T073021Z-LtPzSb,django__django-11728,32,8.342041023,14.231690559,7.138387019,1.7060202077359168,1.99368436050329
qwen-run-20260923T073021Z-LtPzSb,django__django-11734,65,14.2748557,19.994854533,13.358038394,1.4007044941967435,1.4968406245920842
qwen-run-20260923T073021Z-LtPzSb,django__django-11740,249,65.342032021,121.94773323,63.406364323,1.8662984522857775,1.9232727586900094
qwen-run-20260923T073021Z-LtPzSb,django__django-11749,29,7.441215968,11.49980886,6.492948044,1.545420655636587,1.7711228831758075
qwen-run-20260923T073021Z-LtPzSb,django__django-11790,19,4.542716247,6.503485272,3.851031725,1.4316292100117165,1.6887643978056297
qwen-run-20260923T073021Z-LtPzSb,django__django-11815,31,6.541518512,9.286235987,5.973010856,1.4195841485375285,1.554699331857367
qwen-run-20260923T073021Z-LtPzSb,django__django-11820,32,12.948925891,16.529413354,11.527026971,1.2765084527581223,1.4339702158748422
qwen-run-20260923T073021Z-LtPzSb,django__django-11848,67,13.143891363,18.402816439,12.807469783,1.4001041191502732,1.43688150359152
qwen-run-20260923T073021Z-LtPzSb,django__django-11880,10,2.67821113,3.371691708,2.181601807,1.2589342454117871,1.545511970691176
qwen-run-20260923T073021Z-LtPzSb,django__django-11885,46,9.297768169,13.33328556,8.810917042,1.4340307606781328,1.5132687660595046
qwen-run-20260923T073021Z-LtPzSb,django__django-11951,13,3.467017352,4.674549773,2.651192775,1.3482914270110062,1.763187429099719
qwen-run-20260923T073021Z-LtPzSb,django__django-11964,248,56.822405857,79.409865461,56.308891378,1.3975097369309544,1.4102544645733444
qwen-run-20260923T073021Z-LtPzSb,django__django-11999,33,11.003018601,14.062808384,10.171896384,1.2780863955571167,1.382515890165796
qwen-run-20260923T073021Z-LtPzSb,django__django-12039,26,5.741342689,8.102935603,5.175419187,1.4113311192039875,1.565657835669341
qwen-run-20260923T073021Z-LtPzSb,django__django-12050,11,3.493986594,4.320445325,2.727500976,1.2365374648028773,1.5840307164018408
qwen-run-20260923T073021Z-LtPzSb,django__django-12125,61,14.666980681,20.368230916,13.973845472,1.3887132845538928,1.4575966906756417
qwen-run-20260923T073021Z-LtPzSb,django__django-12143,29,6.093945035,8.288046587,5.506937304,1.3600461670393127,1.5050192383668366
qwen-run-20260923T073021Z-LtPzSb,django__django-12155,39,9.769501885,12.896647497,8.687113624,1.3200926361252245,1.4845722129580838
qwen-run-20260923T073021Z-LtPzSb,django__django-12193,31,11.581752896000001,15.133441528,10.460572155,1.3066624425415474,1.4467125988673992
qwen-run-20260923T073021Z-LtPzSb,django__django-12209,132,30.734644895,42.87899729,29.742834309,1.395135601419481,1.4416580761782034
qwen-run-20260923T073021Z-LtPzSb,django__django-12262,69,15.360513972,21.259797177,14.696921025,1.3840550658495896,1.4465476912365731
qwen-run-20260923T073021Z-LtPzSb,django__django-12273,30,5.704205511,7.808106393,5.453369123,1.368833289393735,1.4317949540713677
qwen-run-20260923T073021Z-LtPzSb,django__django-12276,64,13.207463071,18.509012389,12.26813079,1.4014055757339774,1.508706803491781
qwen-run-20260923T073021Z-LtPzSb,django__django-12304,6,2.093117981,2.8583649579999997,1.394743746,1.3656014538819252,2.0493835991002176
qwen-run-20260923T073021Z-LtPzSb,django__django-12308,70,14.640616568,20.710480287,13.449368355,1.4145907169146756,1.539884977520195
qwen-run-20260923T073021Z-LtPzSb,django__django-12325,38,9.330660946,13.471006414,8.50907438,1.4437354965486064,1.5831341709343478
qwen-run-20260923T073021Z-LtPzSb,django__django-12406,66,16.024013803,21.635859986,14.979426630999999,1.35021476216835,1.4443717052042886
qwen-run-20260923T073021Z-LtPzSb,django__django-12419,26,7.797762898,11.362612838,6.419039711,1.4571631616183567,1.7701421629357483
qwen-run-20260923T073021Z-LtPzSb,django__django-12663,105,22.873456661,31.722213178,21.82492847,1.3868569865999931,1.4534853216863717
qwen-run-20260923T073021Z-LtPzSb,django__django-12708,75,17.287993672,25.209950495,16.336346613,1.4582345975652786,1.5431816606375528
qwen-run-20260923T073021Z-LtPzSb,django__django-12713,15,4.0595321769999995,6.048190236,3.2668112750000002,1.4898737027549864,1.8514048492133968
qwen-run-20260923T073021Z-LtPzSb,django__django-12741,12,3.8402012119999998,5.29631932,2.661790517,1.3791775554494046,1.9897581294148101
qwen-run-20260923T073021Z-LtPzSb,django__django-12754,136,36.96489704,51.523779858,36.688931548,1.3938569828084661,1.4043412463672216
qwen-run-20260923T073021Z-LtPzSb,django__django-12774,42,10.524600334,15.62592661,9.802165008,1.4847049877533145,1.594130133215158
qwen-run-20260923T073021Z-LtPzSb,django__django-12858,53,12.637389164,17.960083009,11.753886549,1.4211861940726416,1.5280122820760094
qwen-run-20260923T073021Z-LtPzSb,django__django-12965,15,3.329885376,4.345110052,2.849866585,1.3048827696344103,1.524671391590775
qwen-run-20260923T073021Z-LtPzSb,django__django-13012,58,12.021995552,16.895752386,11.117476342,1.4054033136943886,1.5197470960356916
qwen-run-20260923T073021Z-LtPzSb,django__django-13023,68,15.020817216,21.877034539,13.930384032,1.4564476901893753,1.5704545178902072
qwen-run-20260923T073021Z-LtPzSb,django__django-13028,20,5.0591917330000005,7.147977967,4.247275259,1.4128695539201064,1.6829561380212865
qwen-run-20260923T073021Z-LtPzSb,django__django-13033,167,36.580465624,51.653865718,35.330722021,1.4120614605876018,1.4620099098823338
qwen-run-20260923T073021Z-LtPzSb,django__django-13089,12,2.773915907,3.622472307,2.296647564,1.3059055964381114,1.5772869828973026
qwen-run-20260923T073021Z-LtPzSb,django__django-13109,49,11.888291494,16.284904327,11.1989571,1.3698271391830323,1.4541447191542505
qwen-run-20260923T073021Z-LtPzSb,django__django-13112,42,20.770454842000003,25.579343665,18.277216261,1.231525446100291,1.3995207639787746
qwen-run-20260923T073021Z-LtPzSb,django__django-13121,41,10.827984646,17.076621154,9.50505897,1.5770821359917913,1.79658234713719
