task,page_uses,environment,task repo,other,total
django__django-10914,75134,42.89669124497564,0.842494742726329,0.0,43.73918598770197
astropy__astropy-14365,58099,54.12313464947761,0.048193600578323205,0.0,54.171328250055936
django__django-11163,33201,56.71214722448119,0.13553808620222282,0.0,56.84768531068342
astropy__astropy-12907,67262,55.65698314055484,2.3683506288840652,0.0,58.02533376943891
astropy__astropy-14369,16168,58.85700148441366,0.01855517070757051,0.0,58.87555665512123
astropy__astropy-13236,99221,57.21873393737213,4.568589310730592,0.0,61.78732324810272
django__django-11087,104207,61.24444615045054,0.737954264108937,0.0,61.98240041455948
django__django-11603,14885,63.82264024185422,0.0,0.0,63.82264024185422
django__django-11551,40775,63.75229920294298,0.8338442673206622,0.0,64.58614347026364
django__django-11265,112616,65.17635149534702,0.46441003054628116,0.0,65.6407615258933
django__django-10973,28557,65.96981475645201,0.010505305179115453,0.0,65.98032006163112
django__django-11119,54658,69.71532072157781,0.16283069267078928,0.0,69.8781514142486
django__django-11066,31235,70.05602689290859,0.02241075716343845,0.0,70.07843765007203
django__django-11951,54182,70.12661031338821,0.2657709202318113,0.0,70.39238123362003
django__django-11880,40018,72.4998750562247,0.11994602428906992,0.0,72.61982108051376
django__django-10999,109427,72.1101739058916,1.0637228471949336,0.0,73.17389675308654
astropy__astropy-13579,107120,71.0175504107543,2.89395070948469,0.0,73.91150112023898
astropy__astropy-14598,83810,75.21775444457703,0.14318100465338265,0.0011931750387781887,75.36212862426919
django__django-11179,37689,75.53397543049697,0.026532940645811777,0.0,75.56050837114277
astropy__astropy-13977,219768,71.8853518255615,3.973735939718248,0.0,75.85908776527975
astropy__astropy-7166,244395,67.65932199922257,9.077927126168703,0.0,76.73724912539127
astropy__astropy-7336,98561,76.86914702569982,1.6081411511652681,0.0,78.47728817686509
astropy__astropy-7671,104729,79.2426166582322,0.9328839194492452,0.0,80.17550057768143
astropy__astropy-8872,116890,77.5754983317649,2.643510993241509,0.0,80.21900932500641
django__django-11099,81039,80.54023371463123,0.016041658954330632,0.0,80.55627537358556
django__django-11451,66405,80.86439274151043,0.03463594608839696,0.0,80.89902868759883
django__django-11728,217680,46.64507533994855,34.373851525174565,0.0,81.01892686512312
astropy__astropy-14995,167893,79.50718612449596,2.522439887309179,0.0,82.02962601180514
django__django-11206,65060,81.42483861051338,0.7777436212726714,0.0,82.20258223178605
django__django-10554,94012,82.07037399480917,0.4733438284474322,0.0,82.5437178232566
astropy__astropy-14508,141607,82.02489989901629,0.5395213513456256,0.0,82.56442125036192
astropy__astropy-8707,157856,78.84337624163796,3.8307064666531523,0.0,82.67408270829111
astropy__astropy-13033,159832,82.4140347364733,0.6944792031633215,0.0,83.10851393963662
django__django-11400,167281,82.22033584208607,1.4335160598035641,0.0,83.65385190188964
django__django-11490,104585,83.14289812114548,0.866281015441985,0.0,84.00917913658746
astropy__astropy-13453,204988,83.5590376022011,0.8820028489472554,0.0,84.44104045114835
django__django-11820,132971,83.15497364086906,1.7206759368584128,0.0,84.87564957772747
django__django-11292,94178,84.60574656501518,0.48525133258298114,0.0,85.09099789759816
django__django-11999,133078,83.65695306511971,1.4991208163633358,0.002254317017087723,85.15832819850013
django__django-11333,73158,84.68656879630389,0.5727329888733973,0.0,85.25930178517729
django__django-11141,106007,85.36228739611535,0.15470676464761762,0.0,85.51699416076296
django__django-11138,70074,85.82213089020179,0.0742072666038759,0.0,85.89633815680567
django__django-11790,72013,79.5370280366045,6.605751739269299,0.0,86.14277977587379
django__django-11749,131970,75.49064181253316,10.966886413578843,0.0,86.457528226112
django__django-11239,76339,86.96079330355388,0.023579035617443247,0.0,86.98437233917133
astropy__astropy-13398,147565,67.63731237081964,19.635414901907634,0.0,87.27272727272728
django__django-11734,249994,83.60480651535637,4.864116738801731,0.0004000096002304055,88.46932326375833
astropy__astropy-7606,202336,88.34068084769888,1.0477621382255258,0.0029653645421477146,89.39140835046655
django__django-11815,110194,89.34606239904168,0.30128682142403396,0.0,89.64734922046571
django__django-11299,233191,85.26486871277193,4.388248260010035,0.0,89.65311697278196
django__django-11276,322849,87.16180009849806,2.505815412158625,0.005885104181831135,89.67350061483852
astropy__astropy-14309,293616,87.19552068007194,2.9140101356874286,0.001362323579096507,90.11089313933847
astropy__astropy-14096,320172,84.26720637657259,5.973351823394926,0.0,90.24055819996751
astropy__astropy-14182,321149,85.69760453870322,4.591949531214483,0.0,90.2895540699177
django__django-10880,236381,84.21615950520558,6.306767464390116,0.0,90.5229269695957
django__django-11133,195513,90.02010096515322,1.4316183578585566,0.0,91.45171932301177
django__django-11555,206812,89.88888459083613,2.043401736843123,0.0,91.93228632767925
django__django-11885,164022,91.49931106802747,0.736486568874907,0.0,92.23579763690238
django__django-10097,168089,92.41711236309337,0.6454913765921625,0.010708612699224816,93.07331235238475
django__django-11211,269080,86.57127991675338,6.559015906050245,0.0,93.13029582280363
django__django-11477,308184,89.42774446434598,3.9557537055784855,0.0,93.38349816992447
django__django-11149,297983,87.45062637801486,6.1329001990046415,0.0,93.5835265770195
django__django-11532,244654,92.179159139029,1.8287050283257171,0.0,94.00786416735471
django__django-11848,242787,93.74678215884705,0.45183638333189174,0.0,94.19861854217895
django__django-11095,209492,93.1529604949115,1.109350237717908,0.0,94.2623107326294
django__django-11433,189995,93.33824574330903,1.3363509566041212,0.0,94.67459669991315
django__django-11740,1322488,72.31248979196786,22.742361367362122,0.0,95.05485115932998
astropy__astropy-14539,777496,94.19958430654306,2.2967320732196694,0.0,96.49631637976273
django__django-11964,967423,95.97187579786711,2.444225535262238,0.0003101021993481652,98.4164114353287
