schema_version,task_id,mode,image,n_actions,container_id,usage_at_start_bytes,calls,total_call_s,orig_total_s,returncode_mismatches,demote_s_total,residual_user_bytes_max,residual_kmem_bytes_max
1,astropy__astropy-12907,lazy,docker.io/swebench/sweb.eval.x86_64.astropy_1776_astropy-12907:latest,11,48a0292e7149c6c74849e8c6372c42eed4274141df99aff401e6df388da4d2a3,4468736,11,4.899313119,3.598161577,10,1.064009259,548864.0,5033984.0
1,astropy__astropy-12907,regular,docker.io/swebench/sweb.eval.x86_64.astropy_1776_astropy-12907:latest,11,e60f182fe2407436d58e365838d29b0166ced39378218cf18509b5df933189bd,4452352,11,3.908935599,3.598161577,10,,,
1,astropy__astropy-13033,lazy,docker.io/swebench/sweb.eval.x86_64.astropy_1776_astropy-13033:latest,39,bf86ba77e40172023278fec385ecd108b51e378e32b1208ebe8e3d3aaa88f4ab,4431872,39,11.961098832000001,8.444148615000001,38,2.595845702,487424.0,5095424.0
1,astropy__astropy-13033,regular,docker.io/swebench/sweb.eval.x86_64.astropy_1776_astropy-13033:latest,39,7180af6d5ca921b30f652028e665efaec9d94104f241f5b94b144f9f4207b916,4542464,39,8.858957932,8.444148615000001,38,,,
1,astropy__astropy-13236,lazy,docker.io/swebench/sweb.eval.x86_64.astropy_1776_astropy-13236:latest,17,1b1ae6b7749e4b75a8d47a30839605b7112b4c6c621058e0616a4c58d1b6cd8a,4075520,17,5.089493435,3.373232304,16,1.264681738,450560.0,4726784.0
1,astropy__astropy-13236,regular,docker.io/swebench/sweb.eval.x86_64.astropy_1776_astropy-13236:latest,17,ff8996ea12d0966fa9bb722c6b6465d11eaeae74868fea443f8dcbc7cf16db70,4222976,17,3.834756369,3.373232304,16,,,
1,astropy__astropy-13398,lazy,docker.io/swebench/sweb.eval.x86_64.astropy_1776_astropy-13398:latest,32,1a03a734e3f1c5302176a4a1f2eed075b67b98dfd6b07363c2b8be4dad362de7,4681728,32,10.369068138,6.324269662000001,31,1.799982647,622592.0,5120000.0
1,astropy__astropy-13398,regular,docker.io/swebench/sweb.eval.x86_64.astropy_1776_astropy-13398:latest,32,4fea6379038c0e553d4f2893b4bd4cf10e64bc9557755e51866ba4e55c8d2a09,4407296,32,6.738662292,6.324269662000001,31,,,
1,astropy__astropy-13453,lazy,docker.io/swebench/sweb.eval.x86_64.astropy_1776_astropy-13453:latest,54,d98b5012b060f4b9b47b595ae998d41679b352794d14e3ec3dc385db1307deb7,4423680,54,15.948889892,11.251060628,53,2.773655266,942080.0,5185536.0
1,astropy__astropy-13453,regular,docker.io/swebench/sweb.eval.x86_64.astropy_1776_astropy-13453:latest,54,6fa8d82f2bd7a0138c2e61fb21a88e51a93804aa3d444e6ad87c2f3b95d319bd,4497408,54,11.915966415,11.251060628,53,,,
1,astropy__astropy-13579,lazy,docker.io/swebench/sweb.eval.x86_64.astropy_1776_astropy-13579:latest,20,f7dc46591afea5f633c2f9c40ee3061a3b980c1ecf006263e593fadcd555544d,4157440,20,7.721187802999999,5.478247946,19,1.325468701,643072.0,5206016.0
1,astropy__astropy-13579,regular,docker.io/swebench/sweb.eval.x86_64.astropy_1776_astropy-13579:latest,20,36d67a638eeb4c03c653dfb3065451ab7bcba824167f3d19cb462cff5e47022c,4558848,20,5.941450525,5.478247946,19,,,
1,astropy__astropy-13977,lazy,docker.io/swebench/sweb.eval.x86_64.astropy_1776_astropy-13977:latest,38,ab43773e04a193af5ad6e0ea4b3d0aefbf4f7e3f5cd3ff2429df5c8f3d866f16,4829184,38,13.297607869999997,9.406826901999999,37,3.005747022,1490944.0,4870144.0
1,astropy__astropy-13977,regular,docker.io/swebench/sweb.eval.x86_64.astropy_1776_astropy-13977:latest,38,341aaed0e7488795b22f83519f56a3ea388cebc0124009e395648d412fc6e80f,4304896,38,10.142548482999999,9.406826901999999,37,,,
1,astropy__astropy-14096,lazy,docker.io/swebench/sweb.eval.x86_64.astropy_1776_astropy-14096:latest,56,c6fe58835dc146adb5b55d157e4159949a53520a3ff5d8c5f972b12e4e27a670,4673536,56,24.784435309000003,17.581118425,55,4.045351137,700416.0,5447680.0
1,astropy__astropy-14096,regular,docker.io/swebench/sweb.eval.x86_64.astropy_1776_astropy-14096:latest,56,b3caba78e2f8427e23f321fb31049c315ef749cecdfb920768c16937c41761f7,4395008,56,18.386237522000002,17.581118425,55,,,
1,astropy__astropy-14182,lazy,docker.io/swebench/sweb.eval.x86_64.astropy_1776_astropy-14182:latest,55,1ba694f10d86b50e8c03d5a11b47f7b2a0e61185cdb093aaf65298e06a8678c8,4378624,55,23.307212034000003,16.335335625000003,54,4.566822663999999,495616.0,4919296.0
1,astropy__astropy-14182,regular,docker.io/swebench/sweb.eval.x86_64.astropy_1776_astropy-14182:latest,55,1cbda5b01aba003ae309c1c9c268a29b8606b2d12979d3e6ed4bd1f7d253a239,4599808,55,17.070052901999997,16.335335625000003,54,,,
1,astropy__astropy-14309,lazy,docker.io/swebench/sweb.eval.x86_64.astropy_1776_astropy-14309:latest,64,4f3f054d67e1f26185665e80ecdc097547f6d7422ec3b09c3df472741fd28cb1,4587520,64,22.055807401,15.286413944,63,4.776112312,913408.0,4976640.0
1,astropy__astropy-14309,regular,docker.io/swebench/sweb.eval.x86_64.astropy_1776_astropy-14309:latest,64,52ea01f9a9cb2bd1f08e0b9f205b622ad80d484c3da2b60c58ebb16152c18679,4554752,64,15.822859509,15.286413944,63,,,
1,astropy__astropy-14365,lazy,docker.io/swebench/sweb.eval.x86_64.astropy_1776_astropy-14365:latest,11,6a2531630e97fe439b741ae667109e3f83a055c9294651aa6db48946aa3bdc50,4358144,11,3.8669233729999997,2.742573783,10,0.679269531,372736.0,4907008.0
1,astropy__astropy-14365,regular,docker.io/swebench/sweb.eval.x86_64.astropy_1776_astropy-14365:latest,11,744474f9bc4c00e2cd8768d85884a8d3f10dc4a198e5e54f1c77e0d504d4e917,4567040,11,3.109934734,2.742573783,10,,,
1,astropy__astropy-14369,lazy,docker.io/swebench/sweb.eval.x86_64.astropy_1776_astropy-14369:latest,4,f423579260bef4eabe8a27e741b765907ad0d9155eccdb0072be8582d60e242b,4509696,4,1.089752281,0.7334179470000001,0,0.140750832,364544.0,2678784.0
1,astropy__astropy-14369,regular,docker.io/swebench/sweb.eval.x86_64.astropy_1776_astropy-14369:latest,4,717c37a2b48e29902682e90860541a817b9c3ae18ae0246335e69c7c5f581986,4718592,4,0.861131863,0.7334179470000001,0,,,
1,astropy__astropy-14508,lazy,docker.io/swebench/sweb.eval.x86_64.astropy_1776_astropy-14508:latest,30,8614f5d6057fbd16146c95287bd5e9bd59d519397aa038862394345eeb427e83,4673536,30,9.77881486,6.648995259,29,2.487752029,548864.0,4124672.0
1,astropy__astropy-14508,regular,docker.io/swebench/sweb.eval.x86_64.astropy_1776_astropy-14508:latest,30,ecef9a9eb2c01ae070e46d21a05eae53c4f6815317ca047e357f49bd10c92bb8,4018176,30,7.013496163,6.648995259,29,,,
1,astropy__astropy-14539,lazy,docker.io/swebench/sweb.eval.x86_64.astropy_1776_astropy-14539:latest,183,0d492fd0f9215304e20ea444cb948084b5a332343db9c237eadf2ee8ea8980e7,4558848,183,62.140054575,43.086044091999995,182,10.957455059,1101824.0,4567040.0
1,astropy__astropy-14539,regular,docker.io/swebench/sweb.eval.x86_64.astropy_1776_astropy-14539:latest,183,2ea10a74620da744c648e6e5fc749e49b945a10c89bb3c72db452b42c64bc4e4,4378624,183,44.265560254,43.086044091999995,182,,,
1,astropy__astropy-14598,lazy,docker.io/swebench/sweb.eval.x86_64.astropy_1776_astropy-14598:latest,20,0e6b4bd2ce515c1ec16681a838ba774e7df7f077754eab5e18ced65d8359c552,4403200,20,5.910939483999999,4.056936369,0,0.805456969,647168.0,3858432.0
1,astropy__astropy-14598,regular,docker.io/swebench/sweb.eval.x86_64.astropy_1776_astropy-14598:latest,20,3c7fb38c0eb76edd07b747caab5fd9060561dd94c13a5a63749c23efdad8c41f,4366336,20,4.457799492,4.056936369,0,,,
1,astropy__astropy-14995,lazy,docker.io/swebench/sweb.eval.x86_64.astropy_1776_astropy-14995:latest,36,78782f90d19e3abc2be84ffd1a6f1937b4d501f28a027e4f71aa03be8369a785,4673536,36,14.233248153,10.140003307,35,2.603449976,1351680.0,5386240.0
1,astropy__astropy-14995,regular,docker.io/swebench/sweb.eval.x86_64.astropy_1776_astropy-14995:latest,36,26e7d72c1f4df32fa47244b9a79d79cfeb6ce7c621533eee8152d482e967340d,4489216,36,10.860154021,10.140003307,35,,,
1,astropy__astropy-7166,lazy,docker.io/swebench/sweb.eval.x86_64.astropy_1776_astropy-7166:latest,44,2af655e441a0d26f739fcb7c259078e547a54dab71487733023ace76d928378a,4579328,44,15.127971141,10.055143246,43,3.740957767,1024000.0,7127040.0
1,astropy__astropy-7166,regular,docker.io/swebench/sweb.eval.x86_64.astropy_1776_astropy-7166:latest,44,992b22f42d874b8da3ee2219abc02aa4a567726fd3041ae9a90610e088f928e4,4542464,44,10.958460449000002,10.055143246,43,,,
1,astropy__astropy-7336,lazy,docker.io/swebench/sweb.eval.x86_64.astropy_1776_astropy-7336:latest,21,367876be483f8a365a48abcc3a948b2c044dae545850c18340416e87af005e76,4591616,21,7.236850341999999,5.054537523,20,1.2661059000000001,831488.0,4345856.0
1,astropy__astropy-7336,regular,docker.io/swebench/sweb.eval.x86_64.astropy_1776_astropy-7336:latest,21,eba042facaa4f4ad7d9c9f3164553e184d39454650e5b472a9a33129282219a3,4362240,21,5.411271495,5.054537523,20,,,
1,astropy__astropy-7606,lazy,docker.io/swebench/sweb.eval.x86_64.astropy_1776_astropy-7606:latest,52,0022ff9fe11dca595798b285d369a339fb5a0501e79065bbf81d179e2d916c3a,4493312,52,15.125683012,10.381144239,51,3.2334376220000003,790528.0,3981312.0
1,astropy__astropy-7606,regular,docker.io/swebench/sweb.eval.x86_64.astropy_1776_astropy-7606:latest,52,815553dbc0859c39ff15818149e5bf81669fdacd411f0e80a5a32bd53c9e2266,3907584,52,10.860510785999999,10.381144239,51,,,
1,astropy__astropy-7671,lazy,docker.io/swebench/sweb.eval.x86_64.astropy_1776_astropy-7671:latest,24,b8bdc77d4234091750e3ab7e1aa6f4737a562851bc79a62be9ec9ccc8d8ef259,4243456,24,7.4832714760000005,5.09463416,23,1.699242072,671744.0,3960832.0
1,astropy__astropy-7671,regular,docker.io/swebench/sweb.eval.x86_64.astropy_1776_astropy-7671:latest,24,e126bb52c36c30701da4cc1f1606c455e141006c3d9a5e125e60bf6b7a477736,4399104,24,5.425393971,5.09463416,23,,,
1,astropy__astropy-8707,lazy,docker.io/swebench/sweb.eval.x86_64.astropy_1776_astropy-8707:latest,36,77135c9ed61850e285023e7f23599c7c787a2fe144745c78407a6740f74ba9e8,4423680,36,14.174943856999999,10.221009089999999,35,2.452348932,823296.0,5398528.0
1,astropy__astropy-8707,regular,docker.io/swebench/sweb.eval.x86_64.astropy_1776_astropy-8707:latest,36,17b157e3277699401c0fa14797f05445cd6d3f9505386c7c33e8a0df8fce40fd,4382720,36,11.077097866,10.221009089999999,35,,,
1,astropy__astropy-8872,lazy,docker.io/swebench/sweb.eval.x86_64.astropy_1776_astropy-8872:latest,19,3ff3e5934d1fd46ef2694865ad22f2cf949a60f09a43e60451356c11a644325d,4743168,19,7.496970469000001,5.159715038000001,18,1.3893013070000002,663552.0,3825664.0
1,astropy__astropy-8872,regular,docker.io/swebench/sweb.eval.x86_64.astropy_1776_astropy-8872:latest,19,a72238057aee1837876f76f924f6c0022bad0a2096289c76ecb00d5354312718,4263936,19,5.497274303999999,5.159715038000001,18,,,
1,django__django-10097,lazy,docker.io/swebench/sweb.eval.x86_64.django_1776_django-10097:latest,45,0b653f45a35f477262df59777ec079d98ff1cbf7eb67918493b5275c3b19b813,4358144,45,14.063000343,9.392465598000001,44,3.2503636059999996,1085440.0,2510848.0
1,django__django-10097,regular,docker.io/swebench/sweb.eval.x86_64.django_1776_django-10097:latest,45,a13f8781dffa84007c4c0d4423d898c607af25d2b1348a8a45bd85c071897e27,4337664,45,10.418887868,9.392465598000001,44,,,
1,django__django-10554,lazy,docker.io/swebench/sweb.eval.x86_64.django_1776_django-10554:latest,25,27b7bc7841052f08b1e74dffa1b1a29d0eca8632ec1c7ccc685ec8890eec046e,4390912,25,7.636904058000001,5.140366922,24,1.9102826860000002,1130496.0,8605696.0
1,django__django-10554,regular,docker.io/swebench/sweb.eval.x86_64.django_1776_django-10554:latest,25,77c245681e10207e23503edb4e023da3896c82c3cd4b0740528a5bdb6f5fe447,4243456,25,5.769791185000001,5.140366922,24,,,
1,django__django-10880,lazy,docker.io/swebench/sweb.eval.x86_64.django_1776_django-10880:latest,54,2327fa2f00583b9baabba86962212a9439c118ff031e7f8bc1b89eb5f5cebf8b,4784128,54,20.594139574,13.376840585999998,53,4.232798816,1216512.0,11620352.0
1,django__django-10880,regular,docker.io/swebench/sweb.eval.x86_64.django_1776_django-10880:latest,54,4a53d3d3bed19aa449bf92065b35995bfe0b16a05e960c8689b3e2268e46d2eb,4235264,54,14.670129946000001,13.376840585999998,53,,,
1,django__django-10914,lazy,docker.io/swebench/sweb.eval.x86_64.django_1776_django-10914:latest,11,8b9049d5b23d300051bb5dc235c9b1e17e3624636b723509e1e7a9fb6107476f,4362240,11,5.130957981,2.455469074,0,0.795386568,495616.0,8417280.0
1,django__django-10914,regular,docker.io/swebench/sweb.eval.x86_64.django_1776_django-10914:latest,11,4ca7c99b7eaf9e79d22f1aeea0f150b37ba54caba9aaafb6fe96f482efcc733b,4644864,11,3.9315410259999997,2.455469074,0,,,
1,django__django-10973,lazy,docker.io/swebench/sweb.eval.x86_64.django_1776_django-10973:latest,7,d58a9cba942cc773368fb75b334afcbcd49595e040c5af7ca89d4c912f2df79e,4227072,7,2.7572635399999994,1.487744767,6,0.37975513299999997,339968.0,8949760.0
1,django__django-10973,regular,docker.io/swebench/sweb.eval.x86_64.django_1776_django-10973:latest,7,f525da99f13d2c42f86fc29607f3e8c8530c6935c6442ec5bb6c853dca2d6b0d,4423680,7,1.931774126,1.487744767,6,,,
1,django__django-10999,lazy,docker.io/swebench/sweb.eval.x86_64.django_1776_django-10999:latest,23,b5994698deb2a5f4846f290e4ec49f18d15684b2d8d708fccaa1798813134d16,4698112,23,18.348669042000004,14.321257966000001,22,1.6965245319999998,1089536.0,3796992.0
1,django__django-10999,regular,docker.io/swebench/sweb.eval.x86_64.django_1776_django-10999:latest,23,4fdd81bc60d8ef3b2be2cbad6356273d3cc6842940eb714b6de2f6eb29accef6,4390912,23,16.654632837999998,14.321257966000001,22,,,
1,django__django-11066,lazy,docker.io/swebench/sweb.eval.x86_64.django_1776_django-11066:latest,8,cedc973678cc0ff18e44fff45a81890534070adfa0bfa60a50a43ca1c0316127,4378624,8,2.569194879,1.565718889,7,0.40845302299999997,561152.0,8581120.0
1,django__django-11066,regular,docker.io/swebench/sweb.eval.x86_64.django_1776_django-11066:latest,8,da7069aa11e3891ed741474e492ddf4ac155adcb3dda7a9ba4a43e2fc361171d,4325376,8,2.022715237,1.565718889,7,,,
1,django__django-11087,lazy,docker.io/swebench/sweb.eval.x86_64.django_1776_django-11087:latest,21,4e937f3c312d254a90e3411f3c2864703e0e610cee678cbfac831239ed01bb68,4616192,21,18.372679282,13.951015368,20,1.671336389,921600.0,8208384.0
1,django__django-11087,regular,docker.io/swebench/sweb.eval.x86_64.django_1776_django-11087:latest,21,bf3c6317dbff6fb426b7d8f5a80eda1a01edcd46bd8d4116e59dac592c89c136,4382720,21,15.814594279000001,13.951015368,20,,,
1,django__django-11095,lazy,docker.io/swebench/sweb.eval.x86_64.django_1776_django-11095:latest,60,0ecab32bf8d9785976637b2747da4588424ad822491e6beae096c8d3a192bc03,4575232,60,16.588718330000003,11.192487166,59,3.1028281620000002,745472.0,6967296.0
1,django__django-11095,regular,docker.io/swebench/sweb.eval.x86_64.django_1776_django-11095:latest,60,1a94e6f34e55de8818f1be66ea11a3a435736e0f58489311cd4502e757c517a5,4349952,60,11.963427041999998,11.192487166,59,,,
1,django__django-11099,lazy,docker.io/swebench/sweb.eval.x86_64.django_1776_django-11099:latest,21,be28b69e0f85cd23e05422348ea7e1ae5ab693e8a1a18304fe37a63057cedea4,4653056,21,6.35468133,4.070861831,20,1.2333074339999999,679936.0,10227712.0
1,django__django-11099,regular,docker.io/swebench/sweb.eval.x86_64.django_1776_django-11099:latest,21,94a4fa5f0360c03875145a52d81d83a5f2bbd90e99b777affcc12e7c6e85d8ec,4861952,21,4.801831142999999,4.070861831,20,,,
1,django__django-11119,lazy,docker.io/swebench/sweb.eval.x86_64.django_1776_django-11119:latest,13,2bcd7c5b09219e843737d41946ab5e5e5d428c6f5b4c4ff8a8522aaa9dc8e080,4546560,13,9.760464505000002,7.949392473,12,0.813049655,778240.0,9125888.0
1,django__django-11119,regular,docker.io/swebench/sweb.eval.x86_64.django_1776_django-11119:latest,13,58749a516358378f1a8c3b1a44d9eb192eb578d80f2ef91d060fee27a7fb6e2b,4583424,13,8.948128882,7.949392473,12,,,
1,django__django-11133,lazy,docker.io/swebench/sweb.eval.x86_64.django_1776_django-11133:latest,50,955a5c7ca5bf41e8bf04ae771f38548b4d041e4732e4654afc3ed53e342773d4,4501504,50,15.499549467000001,10.563926721000001,0,2.7552103780000006,942080.0,7180288.0
1,django__django-11133,regular,docker.io/swebench/sweb.eval.x86_64.django_1776_django-11133:latest,50,13b8597ea65b92e04651b45e52a1df6c387643f2921564502bb008694f2f97bb,4575232,50,11.203339768,10.563926721000001,0,,,
1,django__django-11138,lazy,docker.io/swebench/sweb.eval.x86_64.django_1776_django-11138:latest,20,56653846ef9bcdac4edd9bddfdf3472601a03b2f32c63f7026429e746089f3ce,4767744,20,6.199573689999999,3.85731991,19,1.2224593469999998,688128.0,8712192.0
1,django__django-11138,regular,docker.io/swebench/sweb.eval.x86_64.django_1776_django-11138:latest,20,8db47ac9cdb73834db4f54830ce3eb92b04b8473d7c14ae67f80c249e01d811e,4427776,20,4.362905647,3.85731991,19,,,
1,django__django-11141,lazy,docker.io/swebench/sweb.eval.x86_64.django_1776_django-11141:latest,29,d4591629a6ae240f2802e18bf2939cbb0452134aa2e362a08c826e05a305b069,4788224,29,8.922495576000001,5.616874345,28,1.3537675900000001,913408.0,13406208.0
1,django__django-11141,regular,docker.io/swebench/sweb.eval.x86_64.django_1776_django-11141:latest,29,b3f9abe28b82732cb8d628e8a3bcf3839c08abc05dba8b2beb91de0ec0d9e7e9,4497408,29,6.349342335,5.616874345,28,,,
1,django__django-11149,lazy,docker.io/swebench/sweb.eval.x86_64.django_1776_django-11149:latest,65,c958e86507c9515dc66d72fc76cdf9f01167421eed447dc336daff9fbc74f481,4476928,65,26.891763914000002,18.710435116,64,5.418792042999999,1093632.0,9015296.0
1,django__django-11149,regular,docker.io/swebench/sweb.eval.x86_64.django_1776_django-11149:latest,65,e3db5cc83d5175ffb4439c1d104ae95401f54ee6ff265714295669937dc0abb3,4853760,65,19.734051174,18.710435116,64,,,
1,django__django-11163,lazy,docker.io/swebench/sweb.eval.x86_64.django_1776_django-11163:latest,7,bba9b8e89d41657e005f0ea4d2af72127db42dff7c4438d409e65c45ac02df41,4452352,7,2.611638155,1.4746284010000001,6,0.437245523,368640.0,5672960.0
1,django__django-11163,regular,docker.io/swebench/sweb.eval.x86_64.django_1776_django-11163:latest,7,84bc07f559f2149740d27bd32ba7961a8ee6b9191ac5b4d96c64dedc0c09c80b,4485120,7,2.15754793,1.4746284010000001,6,,,
1,django__django-11179,lazy,docker.io/swebench/sweb.eval.x86_64.django_1776_django-11179:latest,10,335b29bbdadbd2654925713b34b36bb803809a40334c41f173069e4fe9e58b36,4169728,10,2.6103065780000003,1.8155738049999999,9,0.558492085,602112.0,2072576.0
1,django__django-11179,regular,docker.io/swebench/sweb.eval.x86_64.django_1776_django-11179:latest,10,5db0b3171512c0d605f30a03d544e78938dbe8896413c37cbc3758227198d858,4702208,10,1.95476516,1.8155738049999999,9,,,
1,django__django-11206,lazy,docker.io/swebench/sweb.eval.x86_64.django_1776_django-11206:latest,16,2117d165cc7868969867500e251645ed93c84f0bcbabb407616f682246df8146,4403200,16,4.979822599,3.217221616,15,0.9830464910000001,700416.0,8916992.0
1,django__django-11206,regular,docker.io/swebench/sweb.eval.x86_64.django_1776_django-11206:latest,16,cabe7a9b387fd40fb054a79068f670eff93835d013b5bc1397099353d5a77e9c,4345856,16,3.7343520349999997,3.217221616,15,,,
1,django__django-11211,lazy,docker.io/swebench/sweb.eval.x86_64.django_1776_django-11211:latest,63,f6557ef28c31798e66c0e351a9cc39c6404747753dc22c1d13805e0ae026d6c1,4583424,63,24.748265042999993,15.769874403000001,0,3.5694612700000006,876544.0,9736192.0
1,django__django-11211,regular,docker.io/swebench/sweb.eval.x86_64.django_1776_django-11211:latest,63,7c505c3ee10be8a285d4f3268088e58d30590ec2771eae16b269ae72d6d51cd2,4526080,63,16.852221275999998,15.769874403000001,0,,,
1,django__django-11239,lazy,docker.io/swebench/sweb.eval.x86_64.django_1776_django-11239:latest,22,65d96a436d96150e36a059f7f61a0a41b85d1f58d9ec7ba722911042d16ea617,4575232,22,7.085749173999998,4.3060805349999995,21,1.9890678300000002,1056768.0,8548352.0
1,django__django-11239,regular,docker.io/swebench/sweb.eval.x86_64.django_1776_django-11239:latest,22,52bb11eabd576cf03019c23e8fd7ab39b4ffc67487411bd5552d3dabd79728e1,4349952,22,4.845932589000001,4.3060805349999995,21,,,
