task_id,codec,dense_bytes,compressed_bytes,ratio,compress_s,decompress_s,compress_startup_s,decompress_startup_s,compress_net_s,decompress_net_s,compress_mibps,decompress_mibps,roundtrip_ok
astropy__astropy-12907,lz4,84226048,41106199,2.049,0.2339160619303584,0.1725516440346837,0.0014013240579515696,0.001277030911296606,0.23251473787240684,0.1712746131233871,343.38906908373895,465.5082784018821,True
astropy__astropy-12907,zstd-1,84226048,31034587,2.714,0.26217924198135734,0.22390360501594841,0.0019065699307247996,0.0015962390461936593,0.26027267205063254,0.22230736596975476,306.37138982845784,358.7446425629395,True
astropy__astropy-12907,zstd-3,84226048,27444954,3.069,0.38031912699807435,0.22907012095674872,0.0023104659048840404,0.001587752951309085,0.3780086610931903,0.22748236800543964,211.20215379124673,350.65340872267757,True
astropy__astropy-12907,zstd-9,84226048,25358548,3.321,1.7989601120352745,0.22008382598869503,0.0033206980442628264,0.0015656109899282455,1.7956394139910117,0.21851821499876678,44.65036117956182,364.97102133314417,True
astropy__astropy-12907,zstd-19,84226048,21769485,3.869,23.775916704093106,0.24362014897633344,0.012464568018913269,0.0018754720222204924,23.763452136074193,0.24174467695411295,3.3783857737090703,329.7109007096253,True
astropy__astropy-13033,lz4,13611008,7779686,1.75,0.04347860999405384,0.031096596037968993,0.0017271139658987522,0.0012307639699429274,0.04175149602815509,0.029865832068026066,298.5483839473069,417.4241043666267,True
astropy__astropy-13033,zstd-1,13611008,6042860,2.252,0.0499965229537338,0.039422804955393076,0.001898805028758943,0.0014816239709034562,0.04809771792497486,0.03794118098448962,259.62742973170305,329.2629422154869,True
astropy__astropy-13033,zstd-3,13611008,5513531,2.469,0.0768059209221974,0.04192008194513619,0.002366290893405676,0.0015115300193428993,0.07443963002879173,0.04040855192579329,169.00349080051927,309.6479812942271,True
astropy__astropy-13033,zstd-9,13611008,5160344,2.638,0.34152456000447273,0.04123674100264907,0.003363847965374589,0.001582173048518598,0.33816071203909814,0.03965456795413047,38.00742397510154,314.77920985962805,True
astropy__astropy-13033,zstd-19,13611008,4509111,3.019,3.1981078879907727,0.04804817610420287,0.013320341007784009,0.0018790579633787274,3.1847875469829887,0.04616911814082414,4.058796389810053,270.155285849957,True
astropy__astropy-13236,lz4,8691712,4868026,1.785,0.029279854032211006,0.021376103977672756,0.0013123169774189591,0.0013531639706343412,0.027967537054792047,0.020022940007038414,283.0978081680713,387.77236996310876,True
astropy__astropy-13236,zstd-1,8691712,3718826,2.337,0.034234110033139586,0.026345457998104393,0.00194437091704458,0.001504917978309095,0.032289739116095006,0.0248405400197953,242.1287567276016,314.6296602851396,True
astropy__astropy-13236,zstd-3,8691712,3436816,2.529,0.05121179891284555,0.027430671965703368,0.0022484000073745847,0.0016961359651759267,0.04896339890547097,0.02573453600052744,161.85845207481745,302.182261898791,True
astropy__astropy-13236,zstd-9,8691712,3233081,2.688,0.21584029006771743,0.027273367042653263,0.0032372609712183475,0.001774181961081922,0.21260302909649909,0.02549918508157134,38.403684953348616,303.92516212012254,True
astropy__astropy-13236,zstd-19,8691712,2826708,3.075,2.0817516969982535,0.03147530404385179,0.011953221983276308,0.0017682899488136172,2.069798475014977,0.029707014095038176,3.9817729040174545,263.3513083289544,True
astropy__astropy-13398,lz4,11448320,6868602,1.667,0.03846859897021204,0.02717626595403999,0.0014502250123769045,0.0012125499779358506,0.03701837395783514,0.02596371597610414,283.81508664909455,401.74646393526876,True
astropy__astropy-13398,zstd-1,11448320,5381024,2.128,0.044662085943855345,0.03396985598374158,0.0017986380262300372,0.0015031149378046393,0.04286344791762531,0.03246674104593694,244.4572061350866,321.4016790423098,True
astropy__astropy-13398,zstd-3,11448320,4908266,2.332,0.06866391689982265,0.03602391202002764,0.002245053998194635,0.0015369770117104053,0.06641886290162802,0.03448693500831723,159.00591231823827,303.0756000050775,True
astropy__astropy-13398,zstd-9,11448320,4589793,2.494,0.3060426180018112,0.03570165892597288,0.0034930011024698615,0.0018158509628847241,0.30254961689934134,0.033885807963088155,35.67466786581791,305.81124458777464,True
astropy__astropy-13398,zstd-19,11448320,4058501,2.821,2.858559040003456,0.04163653904106468,0.013011862989515066,0.001823503989726305,2.845547177013941,0.039813035051338375,3.819395925433396,262.2208521998427,True
astropy__astropy-13453,lz4,11460608,6868516,1.669,0.03933663200587034,0.02657802402973175,0.0015102480538189411,0.0011398040223866701,0.0378263839520514,0.02543822000734508,277.85010924089596,411.23025126974846,True
astropy__astropy-13453,zstd-1,11460608,5381727,2.13,0.04520818602759391,0.03432358696591109,0.001826078980229795,0.0015016220277175307,0.043382107047364116,0.03282196493819356,241.76346056726985,318.43080709644244,True
astropy__astropy-13453,zstd-3,11460608,4905419,2.336,0.06952661997638643,0.036573969991877675,0.0021539729787036777,0.0014621380250900984,0.06737264699768275,0.03511183196678758,157.20147914154447,298.83787574680184,True
astropy__astropy-13453,zstd-9,11460608,4588665,2.498,0.3053311910480261,0.03556250804103911,0.003398413071408868,0.0015079929726198316,0.3019327779766172,0.03405451506841928,35.79617091357316,307.3373646028325,True
astropy__astropy-13453,zstd-19,11460608,4053800,2.827,2.8544974019750953,0.041535511962138116,0.012791550951078534,0.0018041779985651374,2.8417058510240167,0.03973133396357298,3.8289358723667033,263.140791666731,True
astropy__astropy-13579,lz4,72990720,36081369,2.023,0.20350117597263306,0.15145909297280014,0.0015019619604572654,0.0012362549314275384,0.2019992140121758,0.1502228380413726,342.0588341433521,459.59191774970446,True
astropy__astropy-13579,zstd-1,72990720,27412955,2.663,0.22763548593502492,0.1915926089277491,0.0019573450554162264,0.0015625660307705402,0.2256781408796087,0.19003004289697856,305.7931618792904,363.31973028380327,True
astropy__astropy-13579,zstd-3,72990720,24288808,3.005,0.3342673630686477,0.19650310301221907,0.0021348769078031182,0.0016432669945061207,0.33213248616084456,0.19485983601771295,208.24460504002147,354.24058924744566,True
astropy__astropy-13579,zstd-9,72990720,22393345,3.259,1.5410131089156494,0.19157632894348353,0.003563532023690641,0.0015450929058715701,1.5374495768919587,0.19003123603761196,45.17117641457404,363.3506048679704,True
astropy__astropy-13579,zstd-19,72990720,19172625,3.807,20.395010250038467,0.21787097107153386,0.012709066038951278,0.0018371299374848604,20.382301183999516,0.216033841134049,3.4130590838937533,319.49816286973385,True
astropy__astropy-13977,lz4,39600128,19659283,2.014,0.11592042399570346,0.08366094203665853,0.0014277130831032991,0.001170651987195015,0.11449271091260016,0.08249029004946351,325.78922417847406,451.41285862465986,True
astropy__astropy-13977,zstd-1,39600128,15267504,2.594,0.13292375998571515,0.10816041403450072,0.002098358003422618,0.001465804991312325,0.13082540198229253,0.1066946090431884,284.1149317778743,349.16309573254426,True
astropy__astropy-13977,zstd-3,39600128,13787032,2.872,0.1988564890343696,0.11108060204423964,0.002510871971026063,0.001506761065684259,0.19634561706334352,0.10957384097855538,189.913968527689,339.98397834537514,True
astropy__astropy-13977,zstd-9,39600128,12618038,3.138,0.9202388379490003,0.10720479395240545,0.003681301954202354,0.0015878829872235656,0.916557535994798,0.10561691096518189,41.03893841752088,352.2755243274512,True
astropy__astropy-13977,zstd-19,39600128,9080645,4.361,9.719127814983949,0.10642974101938307,0.012540780939161777,0.0018580789910629392,9.706587034044787,0.10457166202832013,3.885701033973116,354.84089915357487,True
astropy__astropy-14096,lz4,83910656,41117008,2.041,0.2382055401103571,0.17230406496673822,0.0013360409066081047,0.0012321069370955229,0.236869499203749,0.1710719580296427,335.94280579253666,464.43151248606824,True
astropy__astropy-14096,zstd-1,83910656,31089805,2.699,0.2620768289780244,0.22180333302821964,0.0018707329872995615,0.0016901340568438172,0.26020609599072486,0.22011319897137582,305.3434285360271,360.7855500071262,True
astropy__astropy-14096,zstd-3,83910656,27576062,3.043,0.38279212394263595,0.2278575390810147,0.002320584957487881,0.0016081910580396652,0.38047153898514807,0.22624934802297503,209.05194358698995,351.1994284795101,True
astropy__astropy-14096,zstd-9,83910656,25504388,3.29,1.8039598359027877,0.22432712907902896,0.0036667759995907545,0.0016155149787664413,1.800293059903197,0.22271161410026252,44.35987759115072,356.7265262500118,True
astropy__astropy-14096,zstd-19,83910656,21783946,3.852,23.735835728002712,0.24302037607412785,0.01241404504980892,0.0018751210300251842,23.723421682952903,0.24114525504410267,3.3714185764098095,329.2869461924899,True
astropy__astropy-14182,lz4,84111360,41117176,2.046,0.2388999640243128,0.17786451801657677,0.0015067009953781962,0.0012274780310690403,0.2373932630289346,0.17663703998550773,335.7675003326353,450.9884525845906,True
astropy__astropy-14182,zstd-1,84111360,31082909,2.706,0.26221900701057166,0.22445710003376007,0.001920321024954319,0.0015363459242507815,0.26029868598561734,0.2229207541095093,305.9078160065111,357.3727172717418,True
astropy__astropy-14182,zstd-3,84111360,27561857,3.052,0.38330314599443227,0.22939570201560855,0.0023085230495780706,0.0015532179968431592,0.3809946229448542,0.2278424840187654,209.2725942592842,349.6789305343743,True
astropy__astropy-14182,zstd-9,84111360,25460817,3.304,1.8144804280018434,0.22786625300068408,0.0033389920135959983,0.0016188820591196418,1.8111414359882474,0.22624737094156444,44.208161472612204,352.0259919741568,True
astropy__astropy-14182,zstd-19,84111360,21782300,3.861,23.83132158895023,0.2454059049487114,0.01294784399215132,0.0019089040579274297,23.81837374495808,0.24349700089078397,3.3659418950224262,326.86598868419446,True
astropy__astropy-14309,lz4,83488768,40903998,2.041,0.23366706003434956,0.17028695694170892,0.0014721170300617814,0.001177084050141275,0.23219494300428778,0.16910987289156765,340.7459046144353,467.5701250404937,True
astropy__astropy-14309,zstd-1,83488768,30924465,2.7,0.2599972999887541,0.2237204450648278,0.0018435620004311204,0.0015573760028928518,0.258153737988323,0.22216306906193495,306.23815614025193,355.89547359843704,True
astropy__astropy-14309,zstd-3,83488768,27458323,3.041,0.3825893820030615,0.22733683697879314,0.0024166239891201258,0.001574989059008658,0.38017275801394135,0.2257618479197845,208.111091147226,350.23401754035734,True
astropy__astropy-14309,zstd-9,83488768,25375155,3.29,1.7857006969861686,0.22066533798351884,0.003509592032060027,0.0015710820443928242,1.7821911049541086,0.21909425593912601,44.58815180191237,360.82283913546394,True
astropy__astropy-14309,zstd-19,83488768,21663862,3.854,23.647743615088984,0.24118038197048008,0.012691173003986478,0.0018344250274822116,23.635052442084998,0.23934595694299787,3.3669636750965086,330.13088833960563,True
astropy__astropy-14365,lz4,83894272,41028470,2.045,0.23323895502835512,0.17352449393365532,0.001453662058338523,0.0011715729488059878,0.2317852929700166,0.17235292098484933,343.029372989059,461.075037225522,True
astropy__astropy-14365,zstd-1,83894272,31003028,2.706,0.26286382891703397,0.2241578440880403,0.0019343920284882188,0.0014859120128676295,0.26092943688854575,0.22267193207517266,304.369805574324,356.92622234792776,True
astropy__astropy-14365,zstd-3,83894272,27483288,3.053,0.3826284009264782,0.23322528193239123,0.0023114780196920037,0.0014952800702303648,0.3803169229067862,0.23173000186216086,209.10055893988238,343.049483474065,True
astropy__astropy-14365,zstd-9,83894272,25401086,3.303,1.7952396719483659,0.2224150679539889,0.0034999129129573703,0.0014652840327471495,1.7917397590354085,0.22094978392124176,44.56664686624704,359.7229865584073,True
astropy__astropy-14365,zstd-19,83894272,21733089,3.86,23.77818808099255,0.24055272596888244,0.012092562043108046,0.0018413380021229386,23.76609551894944,0.2387113879667595,3.3647564830204804,332.5998995760692,True
astropy__astropy-14369,lz4,2617344,1536627,1.703,0.010091356001794338,0.007419773028232157,0.001288964063860476,0.0011335019953548908,0.008802391937933862,0.006286271032877266,247.34968715365616,336.4110654736189,True
astropy__astropy-14369,zstd-1,2617344,1229562,2.129,0.01338296802714467,0.009460492990911007,0.0015500730369240046,0.0015649499837309122,0.011832894990220666,0.007895543007180095,186.51271862393855,263.84394052171234,True
astropy__astropy-14369,zstd-3,2617344,1116205,2.345,0.019158032024279237,0.010121371014975011,0.0019062500214204192,0.0014105610316619277,0.017251782002858818,0.008710809983313084,130.28967416051222,246.61616951961548,True
astropy__astropy-14369,zstd-9,2617344,1044911,2.505,0.06957334105391055,0.009837490040808916,0.0031535449670627713,0.0014553950168192387,0.06641979608684778,0.008382095023989677,35.87715800605066,253.73278546107187,True
astropy__astropy-14369,zstd-19,2617344,942499,2.777,0.5558094419538975,0.010340290958993137,0.012814424000680447,0.0017387350089848042,0.542995017953217,0.008601555950008333,4.490916421328162,241.3949239822021,True
astropy__astropy-14508,lz4,11456512,6868160,1.668,0.038160444935783744,0.027365271002054214,0.001471045077778399,0.001202872022986412,0.036689399858005345,0.026162398979067802,286.3116839540489,399.25719168576256,True
astropy__astropy-14508,zstd-1,11456512,5376722,2.131,0.04481569689232856,0.0342778250342235,0.0017897511133924127,0.0014929050812497735,0.04302594577893615,0.03278491995297372,243.79362606476053,318.74196332735625,True
astropy__astropy-14508,zstd-3,11456512,4905507,2.335,0.06998270202893764,0.0358232680009678,0.002266393043100834,0.001440396998077631,0.0677163089858368,0.03438287100289017,156.12116899233501,304.9911931458858,True
astropy__astropy-14508,zstd-9,11456512,4588884,2.497,0.3051385469734669,0.03639896691311151,0.0033318789210170507,0.0016130199655890465,0.3018066680524498,0.03478594694752246,35.80596866036085,300.1673447513246,True
astropy__astropy-14508,zstd-19,11456512,4053997,2.826,2.881303054979071,0.04181020602118224,0.013067477964796126,0.0019112940644845366,2.868235577014275,0.0398989119566977,3.7919583749163666,261.3185221920382,True
astropy__astropy-14539,lz4,83660800,41010987,2.04,0.23403178702574223,0.1711024260148406,0.001434006029739976,0.0012572739506140351,0.23259778099600226,0.16984515206422657,340.91589550279366,466.3005552187777,True
astropy__astropy-14539,zstd-1,83660800,31016602,2.697,0.2602272969670594,0.2218109549721703,0.0017163630109280348,0.001525736995972693,0.25851093395613134,0.2202852179761976,306.59795179019795,359.6988988213423,True
astropy__astropy-14539,zstd-3,83660800,27521430,3.04,0.38129454606678337,0.22824571293313056,0.0021440540440380573,0.0015073929680511355,0.3791504920227453,0.22673831996507943,209.24809198824917,349.5581810703045,True
astropy__astropy-14539,zstd-9,83660800,25418673,3.291,1.7877907939255238,0.22197593306191266,0.0034211460733786225,0.0016019399045035243,1.7843696478521451,0.22037399315740913,44.627792312775334,359.43156156368826,True
astropy__astropy-14539,zstd-19,83660800,21726185,3.851,23.64636007405352,0.246519083972089,0.012676437967456877,0.0017382550286129117,23.63368363608606,0.24478082894347608,3.374098846508981,323.6469767956517,True
astropy__astropy-14598,lz4,8699904,4867343,1.787,0.031023974996060133,0.02082686999347061,0.0015599809121340513,0.0012189429253339767,0.02946399408392608,0.019607927068136632,267.43429883029677,398.3735915478964,True
astropy__astropy-14598,zstd-1,8699904,3720507,2.338,0.034722321084700525,0.026189641910605133,0.0017964240396395326,0.001492784940637648,0.03292589704506099,0.024696856969967484,238.9493196540884,316.7998641722663,True
astropy__astropy-14598,zstd-3,8699904,3436817,2.531,0.05223639705218375,0.027923568966798484,0.0021515190601348877,0.0015419380506500602,0.05008487799204886,0.026381630916148424,158.83321722421798,297.1280286508183,True
astropy__astropy-14598,zstd-9,8699904,3232941,2.691,0.21583984594326466,0.027057497994974256,0.0036226940574124455,0.0016062079230323434,0.21221715188585222,0.025451290071941912,38.43995979398959,306.6386626561365,True
astropy__astropy-14598,zstd-19,8699904,2825589,3.079,2.07429336104542,0.03170602896716446,0.013151866034604609,0.001845135004259646,2.0611414950108156,0.02986089396290481,3.9998561224813782,261.68130384894454,True
astropy__astropy-14995,lz4,98369536,45549159,2.16,0.27303954295348376,0.2016117579769343,0.0014736989978700876,0.0013208129676058888,0.2715658439556137,0.20029094500932842,343.5857641176257,465.3126431779478,True
astropy__astropy-14995,zstd-1,98369536,34142475,2.881,0.3022853439906612,0.26066262705717236,0.00185743800830096,0.001589556923136115,0.30042790598236024,0.25907307013403624,310.34418924027705,359.90007873059477,True
astropy__astropy-14995,zstd-3,98369536,30158646,3.262,0.4355359389446676,0.2612976160598919,0.002532782033085823,0.001594905974343419,0.43300315691158175,0.25970271008554846,215.3955428507551,359.02547223583275,True
astropy__astropy-14995,zstd-9,98369536,27708022,3.55,2.0500422209734097,0.251628281082958,0.0036519879940897226,0.001806252053938806,2.04639023297932,0.24982202902901918,45.76125264164342,372.8217654877651,True
astropy__astropy-14995,zstd-19,98369536,23876146,4.12,28.420813895063475,0.28359096799977124,0.0126649159938097,0.0018940219888463616,28.408148979069665,0.2816969460109249,3.3008379121857123,330.8021431771257,True
astropy__astropy-7166,lz4,25837568,12838143,2.013,0.07655827491544187,0.05631462798919529,0.0014422000385820866,0.0010990080190822482,0.07511607487685978,0.05521561997011304,321.8544961627651,437.5528327156424,True
astropy__astropy-7166,zstd-1,25837568,9839923,2.626,0.0877961969235912,0.07159311801660806,0.0019010999239981174,0.0014679190935567021,0.08589509699959308,0.07012519892305136,280.65708838669485,344.1758884462038,True
astropy__astropy-7166,zstd-3,25837568,8924797,2.895,0.1288136939983815,0.07408642710652202,0.0023006179835647345,0.0014373420272022486,0.12651307601481676,0.07264908507931978,191.28886250486383,332.59297232098294,True
astropy__astropy-7166,zstd-9,25837568,8221783,3.143,0.5806956100277603,0.071979642030783,0.0033405059948563576,0.001598181901499629,0.5773551040329039,0.07038146012928337,42.432945203119495,342.3276957874023,True
astropy__astropy-7166,zstd-19,25837568,6230015,4.147,6.22780214692466,0.07384678989183158,0.011909840046428144,0.001801001955755055,6.2158923068782315,0.07204578793607652,3.9565523147147097,333.67225624963254,True
astropy__astropy-7336,lz4,76103680,40416121,1.883,0.2123633089940995,0.15943512704689056,0.0016594870248809457,0.0013167459983378649,0.21070382196921855,0.1581183810485527,341.76395792559714,455.2204168825008,True
astropy__astropy-7336,zstd-1,76103680,31613261,2.407,0.23401824699249119,0.19916774204466492,0.001916868961416185,0.0015653619775548577,0.232101378031075,0.19760238006711006,310.1387431653087,364.40702824116863,True
astropy__astropy-7336,zstd-3,76103680,28596344,2.661,0.34527405200060457,0.2040772350737825,0.0023690260713919997,0.0015252659795805812,0.34290502592921257,0.20255196909420192,210.20440018432927,355.6404758902185,True
astropy__astropy-7336,zstd-9,76103680,26550316,2.866,1.6138725989731029,0.19812993297819048,0.003609528997913003,0.0015966190258041024,1.6102630699751899,0.19653331395238638,44.971409172062906,366.31580049032357,True
astropy__astropy-7336,zstd-19,76103680,23353877,3.259,21.347425075946376,0.2190319310175255,0.012938693980686367,0.001824475941248238,21.33448638196569,0.21720745507627726,3.399853834445767,331.3586501421693,True
astropy__astropy-7606,lz4,11448320,6867852,1.667,0.03834075201302767,0.027096476987935603,0.0014422209933400154,0.0011395640904083848,0.03689853101968765,0.025956912897527218,284.7614659798593,402.929456654498,True
astropy__astropy-7606,zstd-1,11448320,5381053,2.128,0.04472257103770971,0.03385075507685542,0.0018564569763839245,0.0014735490549355745,0.04286611406132579,0.03237720602191985,244.1265896988359,322.53250260479064,True
astropy__astropy-7606,zstd-3,11448320,4908046,2.333,0.07025863602757454,0.035983245936222374,0.0022277809912338853,0.00155234697740525,0.06803085503634065,0.034430898958817124,155.39682190407174,303.418117680414,True
astropy__astropy-7606,zstd-9,11448320,4589713,2.494,0.29999675997532904,0.03565383004024625,0.0034312549978494644,0.0018711939919739962,0.2965655049774796,0.03378263604827225,36.393622220779534,306.2214841344039,True
astropy__astropy-7606,zstd-19,11448320,4054746,2.823,2.8434426840394735,0.04135835194028914,0.012472955044358969,0.001772718969732523,2.8309697289951146,0.03958563297055662,3.839700659796536,263.9846182885321,True
astropy__astropy-7671,lz4,76464128,40687747,1.879,0.21298842306714505,0.1575347559992224,0.0014458369696512818,0.0011316090822219849,0.21154258609749377,0.1564031469170004,342.37482934465044,462.893883559003,True
astropy__astropy-7671,zstd-1,76464128,31824298,2.403,0.2358185090124607,0.20060040603857487,0.0020564310252666473,0.0014695520512759686,0.23376207798719406,0.1991308539872989,309.2288018670612,363.51808273995886,True
astropy__astropy-7671,zstd-3,76464128,28804551,2.655,0.3472820110619068,0.20830790710169822,0.0023182209115475416,0.0017242080066353083,0.3449637901503593,0.2065836990950629,209.97884335276117,350.06772433462515,True
astropy__astropy-7671,zstd-9,76464128,26748328,2.859,1.6459665390430018,0.2003484209999442,0.0035100720124319196,0.0015282119857147336,1.64245646703057,0.19882020901422948,44.303376326470314,363.9752918243379,True
astropy__astropy-7671,zstd-19,76464128,23532798,3.249,21.51856873498764,0.22162634204141796,0.012882111012004316,0.0018058210844174027,21.505686623975635,0.21982052095700055,3.3887883482433616,329.03072048345325,True
astropy__astropy-8707,lz4,16982016,9005791,1.886,0.051842350978404284,0.03871254704426974,0.0015384000726044178,0.0010938680497929454,0.050303950905799866,0.037618678994476795,312.3954102071182,418.3478932936096,True
astropy__astropy-8707,zstd-1,16982016,6851453,2.479,0.0593963050050661,0.04805265401955694,0.0018453850643709302,0.0014640321023762226,0.05755091994069517,0.04658862191718072,272.6653198144001,337.03263285746243,True
astropy__astropy-8707,zstd-3,16982016,6145798,2.763,0.08812874392606318,0.05083565507084131,0.002243760973215103,0.001427173032425344,0.08588498295284808,0.04940848203841597,183.76878846233507,318.58176072347743,True
astropy__astropy-8707,zstd-9,16982016,5733050,2.962,0.3892500599613413,0.05012925306800753,0.0038018689956516027,0.0015673460438847542,0.3854481909656897,0.048561907024122775,41.606448311423385,323.0710914050272,True
astropy__astropy-8707,zstd-19,16982016,4913638,3.456,4.125366735039279,0.05421465006656945,0.012252231012098491,0.00181161193177104,4.11311450402718,0.05240303813479841,3.9257873396910976,298.7257591834309,True
astropy__astropy-8872,lz4,72114176,35629523,2.024,0.20201101596467197,0.1483719979878515,0.0014582390431314707,0.0011780650820583105,0.2005527769215405,0.1471939329057932,340.44399594538555,463.5203302015996,True
astropy__astropy-8872,zstd-1,72114176,27083968,2.663,0.2240876160794869,0.19197794294450432,0.001991678960621357,0.0014650520170107484,0.22209593711886555,0.19051289092749357,306.9042310468649,358.2361413252592,True
astropy__astropy-8872,zstd-3,72114176,23864927,3.022,0.3285537479678169,0.19776312401518226,0.002413117908872664,0.0014977549435570836,0.3261406300589442,0.19626536907162517,209.32172567009226,347.75662976845103,True
astropy__astropy-8872,zstd-9,72114176,22120005,3.26,1.5485106869600713,0.19285115401726216,0.003549896995536983,0.0015196149470284581,1.5449607899645343,0.1913315390702337,44.41263342845327,356.6140832833392,True
astropy__astropy-8872,zstd-19,72114176,18981831,3.799,20.187935241032392,0.21650527196470648,0.012952106073498726,0.0017428140854462981,20.174983134958893,0.21476245787926018,3.4066602987816497,317.65248428320524,True
django__django-10097,lz4,8699904,4867765,1.787,0.029186355997808278,0.02180625800974667,0.001574047957547009,0.0011389219434931874,0.02761230804026127,0.020667336066253483,284.27238400789213,380.4813735713653,True
django__django-10097,zstd-1,8699904,3720431,2.338,0.03410796099342406,0.026245009037666023,0.0017531320918351412,0.0015168499667197466,0.03235482890158892,0.024728159070946276,243.25332732729524,316.1315352603835,True
django__django-10097,zstd-3,8699904,3436994,2.531,0.05120050394907594,0.028160054003819823,0.0025027659721672535,0.0015203369548544288,0.048697737976908684,0.026639717048965394,162.04674485727872,294.6327801386515,True
django__django-10097,zstd-9,8699904,3232980,2.691,0.21239046100527048,0.02645252807997167,0.0033659819746389985,0.0016867879312485456,0.20902447903063148,0.024765740148723125,39.064254396030115,313.6514958009596,True
django__django-10097,zstd-19,8699904,2825763,3.079,2.071717142011039,0.03147130296565592,0.01351014303509146,0.001882069045677781,2.0582069989759475,0.029589233919978142,4.00483001841947,263.6330313064646,True
django__django-10554,lz4,11456512,6868583,1.668,0.03850048000458628,0.027645164052955806,0.0014320110203698277,0.001130898017436266,0.03706846898421645,0.02651426603551954,283.7829878666056,395.2149182067097,True
django__django-10554,zstd-1,11456512,5376782,2.131,0.04431054892484099,0.03370823699515313,0.00195657298900187,0.001534253009594977,0.04235397593583912,0.03217398398555815,246.57291582038798,324.1279350080221,True
django__django-10554,zstd-3,11456512,4905864,2.335,0.06958686793223023,0.03575664199888706,0.002204617951065302,0.0014663951005786657,0.06738224998116493,0.034290246898308396,157.00924002845593,305.5594887892456,True
django__django-10554,zstd-9,11456512,4589206,2.496,0.3041490858886391,0.035355268977582455,0.003400266054086387,0.0016826899955049157,0.3007488198345527,0.03367257898207754,35.92245302358185,309.0283730248993,True
django__django-10554,zstd-19,11456512,4053570,2.826,2.8597508419770747,0.04142809298355132,0.01230633002705872,0.0017234840197488666,2.847444511950016,0.03970460896380246,3.820536072452562,263.7288000279904,True
django__django-10880,lz4,17723392,9347821,1.896,0.05412776197772473,0.04044501099269837,0.001446979003958404,0.0011496130609884858,0.05268078297376633,0.039295397931709886,312.2675524060249,417.90923862157973,True
django__django-10880,zstd-1,17723392,7185642,2.467,0.0618833729531616,0.05042712204158306,0.001855564070865512,0.001465203007683158,0.060027808882296085,0.0489619190338999,273.1322315413072,335.1835890230269,True
django__django-10880,zstd-3,17723392,6322134,2.803,0.09082180995028466,0.05126988107804209,0.0023841250222176313,0.0016355320112779737,0.08843768492806703,0.049634349066764116,186.10445838122195,329.6739410078123,True
django__django-10880,zstd-9,17723392,5879092,3.015,0.39802564203273505,0.05036508594639599,0.003521844046190381,0.0015191249549388885,0.39450379798654467,0.048845960991457105,42.46546444515223,335.5964440920306,True
django__django-10880,zstd-19,17723392,5133725,3.452,4.365363431046717,0.05616171599831432,0.012166790897026658,0.0017865750705823302,4.35319664014969,0.05437514092773199,3.871921322698943,300.9584634220813,True
django__django-10914,lz4,14462976,8051253,1.796,0.0458080000244081,0.03348108008503914,0.0014375409809872508,0.0011906289728358388,0.04437045904342085,0.0322904511122033,301.1039281926874,411.96307630957585,True
django__django-10914,zstd-1,14462976,6216134,2.327,0.052615464897826314,0.04173388204071671,0.0018622970674186945,0.001419647946022451,0.05075316783040762,0.04031423409469426,262.14666689317465,330.49810071689967,True
django__django-10914,zstd-3,14462976,5678465,2.547,0.07984856690745801,0.04384664795361459,0.002265902003273368,0.00149634201079607,0.07758266490418464,0.04235030594281852,172.7390895566807,314.5729353037795,True
django__django-10914,zstd-9,14462976,5311280,2.723,0.3550309110432863,0.04298571590334177,0.003499572048895061,0.0016103660454973578,0.35153133899439126,0.04137534985784441,38.85005029412305,320.8733054723352,True
django__django-10914,zstd-19,14462976,4582597,3.156,3.4276483019348234,0.04846291209105402,0.013050516019575298,0.0017753139836713672,3.414597785915248,0.046687598107382655,4.024032670508875,284.60874831634607,True
django__django-10973,lz4,8699904,4868369,1.787,0.029804979916661978,0.021202231058850884,0.0014088780153542757,0.001319671981036663,0.028396101901307702,0.01988255907781422,278.3721050374461,391.32084623407894,True
django__django-10973,zstd-1,8699904,3720523,2.338,0.03409848897717893,0.02548463991843164,0.0016813479596748948,0.0014993870863690972,0.032417141017504036,0.023985252832062542,243.32089922086703,325.56375238401256,True
django__django-10973,zstd-3,8699904,3436873,2.531,0.05062005599029362,0.02689878805540502,0.002130598993971944,0.0016323659801855683,0.04848945699632168,0.025266422075219452,163.90489575102254,308.44791159030797,True
django__django-10973,zstd-9,8699904,3232923,2.691,0.21516227896790951,0.026628180989064276,0.003465379006229341,0.0015484400792047381,0.21169689996168017,0.025079740909859538,38.56101097180441,311.5824923755543,True
django__django-10973,zstd-19,8699904,2825819,3.079,2.0723165849922225,0.03133226803038269,0.012292255996726453,0.0018299570074304938,2.060024328995496,0.0295023110229522,4.0036715722328395,264.8028860200792,True
django__django-10999,lz4,20422656,10526060,1.94,0.06241404509637505,0.046549959923140705,0.0013814059784635901,0.0010891089914366603,0.06103263911791146,0.045460850931704044,312.05416136585546,418.4012732160893,True
django__django-10999,zstd-1,20422656,8088369,2.525,0.0705893519334495,0.056950894999317825,0.0018697910709306598,0.0013734310632571578,0.06871956086251885,0.05557746393606067,275.9136040569148,341.988699215935,True
django__django-10999,zstd-3,20422656,6881108,2.968,0.09937329695094377,0.05749769904650748,0.0023184409365057945,0.00141783501021564,0.09705485601443797,0.05607986403629184,195.99392490333418,338.7363811592917,True
django__django-10999,zstd-9,20422656,6398700,3.192,0.43792918405961245,0.05701483495067805,0.0035681810695677996,0.0015141249168664217,0.43436100299004465,0.05550071003381163,44.474228274653605,341.60517200214,True
django__django-10999,zstd-19,20422656,5536965,3.688,4.948600139003247,0.06263682397548109,0.012706400942988694,0.001837009098380804,4.935893738060258,0.06079981487710029,3.9357721280594298,310.94428586647393,True
django__django-11066,lz4,8704000,4868668,1.788,0.029574024956673384,0.021388577995821834,0.0015130729880183935,0.0012080520391464233,0.02806095196865499,0.02018052595667541,280.67810391588,388.09411507494895,True
django__django-11066,zstd-1,8704000,3716358,2.342,0.034108042949810624,0.026268385001458228,0.0018150879768654704,0.0014613160165026784,0.032292954972945154,0.02480706898495555,243.3672686003841,315.99891845422553,True
django__django-11066,zstd-3,8704000,3435269,2.534,0.05108048301190138,0.027683233958669007,0.0021190380211919546,0.0015367080923169851,0.048961444990709424,0.02614652586635202,162.50396943321735,299.84868322801606,True
django__django-11066,zstd-9,8704000,3232622,2.693,0.21587364096194506,0.02707231999374926,0.003461070009507239,0.0015266089467331767,0.21241257095243782,0.025545711047016084,38.452037094530176,306.61506852447707,True
django__django-11066,zstd-19,8704000,2825763,3.08,2.0914245600579306,0.03162013995461166,0.013298081001266837,0.0017927170265465975,2.078126479056664,0.02982742292806506,3.968960395956178,262.5156391437593,True
django__django-11087,lz4,21069824,10830027,1.946,0.06400023493915796,0.04637659701984376,0.0014882369432598352,0.0011212999233976007,0.06251199799589813,0.045255297096446157,313.96369121304303,433.273489027283,True
django__django-11087,zstd-1,21069824,8303805,2.537,0.0729249770520255,0.05913210101425648,0.001970849931240082,0.0015012910589575768,0.07095412712078542,0.0576308099552989,275.5400249994579,339.81119654712575,True
django__django-11087,zstd-3,21069824,7124935,2.957,0.10265764896757901,0.059895731043070555,0.002311417949385941,0.001548169064335525,0.10034623101819307,0.05834756197873503,195.73553653411585,335.47883380120595,True
django__django-11087,zstd-9,21069824,6615112,3.185,0.4563463559607044,0.05849217192735523,0.0036109810462221503,0.0015412260545417666,0.45273537491448224,0.05695094587281346,44.031796764758774,343.5288746835316,True
django__django-11087,zstd-19,21069824,5602452,3.761,5.074649667949416,0.06443271704483777,0.012513840920291841,0.0017512489575892687,5.062135827029124,0.0626814680872485,3.959632943118921,311.8563196088263,True
django__django-11095,lz4,11456512,6868215,1.668,0.038813847000710666,0.028065120917744935,0.0014783489750698209,0.0010900009656324983,0.037335498025640845,0.026975119952112436,281.49184103806954,389.301057423625,True
django__django-11095,zstd-1,11456512,5377210,2.131,0.04492803500033915,0.03450098098255694,0.0017583329463377595,0.0014864830300211906,0.04316970205400139,0.03301449795253575,243.18404421465402,316.68030701862864,True
django__django-11095,zstd-3,11456512,4905717,2.335,0.06988042697776109,0.036571277072653174,0.0023172489600256085,0.0016287000617012382,0.06756317801773548,0.034942577010951936,156.34966359717646,298.75306865261064,True
django__django-11095,zstd-9,11456512,4588960,2.497,0.3041222400497645,0.035734229953959584,0.003316219081170857,0.0014815450413152575,0.30080602096859366,0.03425268491264433,35.925624012936964,305.75113173214896,True
django__django-11095,zstd-19,11456512,4053461,2.826,2.867486522998661,0.042002195958048105,0.013259708066470921,0.0018876040121540427,2.85422681493219,0.04011459194589406,3.810229328845952,260.1240482976818,True
django__django-11099,lz4,13844480,7856273,1.762,0.04501492704730481,0.031482347054407,0.0012560520553961396,0.0011037270305678248,0.04375887499190867,0.030378620023839176,293.305484781198,419.3818515875799,True
django__django-11099,zstd-1,13844480,6096212,2.271,0.050905495998449624,0.04013275494799018,0.001986319082789123,0.0015004300512373447,0.0489191769156605,0.038632324896752834,259.36541312557125,328.98626115028776,True
django__django-11099,zstd-3,13844480,5561705,2.489,0.07777835195884109,0.0423080469481647,0.002204507007263601,0.0014620579313486814,0.07557384495157748,0.04084598901681602,169.75321111183814,312.0712477268522,True
django__django-11099,zstd-9,13844480,5204473,2.66,0.3434386739972979,0.042046437971293926,0.003364620031788945,0.0014673270052298903,0.34007405396550894,0.040579110966064036,38.44390862079755,314.0129256374601,True
django__django-11099,zstd-19,13844480,4523079,3.061,3.242252642987296,0.047344577964395285,0.01307918003294617,0.0018531900132074952,3.22917346295435,0.04549138795118779,4.072207336635898,278.873010758047,True
django__django-11119,lz4,16793600,8914825,1.884,0.05178846907801926,0.0377025039633736,0.0014344550436362624,0.0010863349307328463,0.050354014034383,0.036616169032640755,309.2507904775575,424.7894255394418,True
django__django-11119,zstd-1,16793600,6838172,2.456,0.05920436407905072,0.04763779602944851,0.001888024969957769,0.0014408879214897752,0.05731633910909295,0.046196908107958734,270.51426443185255,336.19575914258365,True
django__django-11119,zstd-3,16793600,6107958,2.749,0.08743776904884726,0.049226992996409535,0.002302751992829144,0.0014733589487150311,0.08513501705601811,0.047753634047694504,183.16598392455376,325.34233811860355,True
django__django-11119,zstd-9,16793600,5697919,2.947,0.38244292500894517,0.04840133700054139,0.0036099900025874376,0.0015233521116897464,0.37883293500635773,0.04687798488885164,41.87716376143029,330.8922024162444,True
django__django-11119,zstd-19,16793600,4894165,3.431,4.1128447990631685,0.054010289022699,0.013402757002040744,0.0017765270313248038,4.099442042061128,0.052233761991374195,3.8940504158212024,296.5291482382012,True
django__django-11133,lz4,12578816,7487861,1.68,0.04156480694655329,0.02999595506116748,0.0017700640019029379,0.001158589031547308,0.03979474294465035,0.02883736602962017,288.6118000120956,399.9237138986798,True
django__django-11133,zstd-1,12578816,5849330,2.15,0.04784719995222986,0.03837773995473981,0.0017731901025399566,0.0017631510272622108,0.0460740098496899,0.0366145889274776,250.7167349808719,312.5794735215624,True
django__django-11133,zstd-3,12578816,5334934,2.358,0.07451406202744693,0.0398599139880389,0.002366341999731958,0.0014931559562683105,0.07214772002771497,0.03836675803177059,160.99100523578076,300.956338079399,True
django__django-11133,zstd-9,12578816,4999542,2.516,0.3271621859166771,0.03941035200841725,0.003706060000695288,0.0015557840233668685,0.32345612591598183,0.03785456798505038,36.66711578047473,304.3894088395323,True
django__django-11133,zstd-19,12578816,4428235,2.841,3.0466808850178495,0.045861597056500614,0.011665092897601426,0.0018056310946121812,3.035015792120248,0.04405596596188843,3.9374303390260446,261.57165297189806,True
django__django-11138,lz4,11452416,6868376,1.667,0.039219729020260274,0.027291183010675013,0.001488036010414362,0.001183645916171372,0.03773169300984591,0.02610753709450364,278.47910408452685,400.19793190085903,True
django__django-11138,zstd-1,11452416,5381893,2.128,0.04518576804548502,0.034208783064968884,0.0018615559674799442,0.001545172999612987,0.043324212078005075,0.0326636100653559,241.71050913654477,319.2710766488628,True
django__django-11138,zstd-3,11452416,4907192,2.334,0.07151828100904822,0.03614006901625544,0.0022576069459319115,0.0014847710262984037,0.06926067406311631,0.034655297989957035,152.71445070971723,302.20957782586004,True
django__django-11138,zstd-9,11452416,4589386,2.495,0.30163771694060415,0.035780736012384295,0.003499903017655015,0.0015335020143538713,0.29813781392294914,0.034247233998030424,36.20858528826035,305.2445594249308,True
django__django-11138,zstd-19,11452416,4060292,2.821,2.8511645960388705,0.04142622696235776,0.012751525966450572,0.001828402979299426,2.83841307007242,0.03959782398305833,3.8306715140801715,263.6463854148301,True
django__django-11141,lz4,14249984,7972404,1.787,0.04563826404046267,0.032419273047707975,0.0014714249409735203,0.0010991180315613747,0.04416683909948915,0.0313201550161466,297.7730208570446,419.19026777686474,True
django__django-11141,zstd-1,14249984,6162274,2.312,0.052020342904143035,0.04103125794790685,0.0018007720354944468,0.0016124789835885167,0.05021957086864859,0.039418778964318335,261.2409490464483,331.207095021401,True
django__django-11141,zstd-3,14249984,5628188,2.532,0.0799081320874393,0.04401070601306856,0.002297371975146234,0.0016420349711552262,0.07761076011229306,0.04236867104191333,170.0683446727217,308.78495214243156,True
django__django-11141,zstd-9,14249984,5265654,2.706,0.34453057404607534,0.04294997011311352,0.0034374360693618655,0.0014800620265305042,0.3410931379767135,0.04146990808658302,39.44452183272008,316.4110176144392,True
django__django-11141,zstd-19,14249984,4566042,3.121,3.369396206922829,0.047874088981188834,0.013052238966338336,0.0017505070427432656,3.356343967956491,0.04612358193844557,4.033317222260188,283.8663677827866,True
django__django-11149,lz4,25399296,12655054,2.007,0.075195417040959,0.054711192031390965,0.001417002989910543,0.001147337956354022,0.07377841405104846,0.05356385407503694,322.1294222865457,442.7367664755333,True
django__django-11149,zstd-1,25399296,9707520,2.616,0.08680677798110992,0.07055476703681052,0.002049818984232843,0.001462258049286902,0.08475695899687707,0.06909250898752362,279.0410704481061,343.3170750512481,True
django__django-11149,zstd-3,25399296,8800732,2.886,0.12816048902459443,0.07277266099117696,0.0024330460000783205,0.0014761839993298054,0.1257274430245161,0.07129647699184716,189.00252670970684,332.8537931701684,True
django__django-11149,zstd-9,25399296,8127137,3.125,0.5704179649474099,0.07095687999390066,0.003314996953122318,0.0015729350270703435,0.5671029679942876,0.06938394496683031,42.464749952665365,341.37149564752764,True
django__django-11149,zstd-19,25399296,6179817,4.11,6.073155956924893,0.07348828995600343,0.01322441198863089,0.001708810101263225,6.059931544936262,0.0717794798547402,3.988479206166311,329.6124629448014,True
django__django-11163,lz4,13467648,7732194,1.742,0.04366924602072686,0.03133295907173306,0.0014443739783018827,0.0011091770138591528,0.04222487204242498,0.030223782057873905,294.1143062993104,409.9118110930976,True
django__django-11163,zstd-1,13467648,6010007,2.241,0.04917068802751601,0.03930583701003343,0.0019961269572377205,0.0015292440075427294,0.04717456107027829,0.0377765930024907,261.2074493001321,326.76444459690384,True
django__django-11163,zstd-3,13467648,5482507,2.456,0.0773800159804523,0.04031343397218734,0.0023842750815674663,0.0015115810092538595,0.07499574089888483,0.03880185296293348,165.9827778175257,318.597269804925,True
django__django-11163,zstd-9,13467648,5132909,2.624,0.3382160379551351,0.041051405016332865,0.003283228026703,0.0014334439765661955,0.3349328099284321,0.03961796103976667,37.97498805099167,312.86992479039236,True
django__django-11163,zstd-19,13467648,4501362,2.992,3.1816292479634285,0.04759418696630746,0.013218070031143725,0.0018619669135659933,3.1684111779322848,0.04573222005274147,4.036846847639877,269.85963662100704,True
django__django-11179,lz4,8699904,4867460,1.787,0.028859907994046807,0.021512460079975426,0.001438442966900766,0.0013261029962450266,0.02742146502714604,0.0201863570837304,287.48792275122537,385.67764770534217,True
django__django-11179,zstd-1,8699904,3719905,2.339,0.03355690301395953,0.026340962038375437,0.0017591440118849277,0.0014839490177109838,0.0317977590020746,0.024857013020664454,247.24793573913945,314.9799535762022,True
django__django-11179,zstd-3,8699904,3436800,2.531,0.05132073408458382,0.027517654933035374,0.0022118909982964396,0.001624683034606278,0.04910884308628738,0.025892971898429096,161.66711462711305,301.5109761420648,True
django__django-11179,zstd-9,8699904,3232733,2.691,0.21545606397558004,0.027313010999932885,0.003441925044171512,0.001510677975602448,0.21201413893140852,0.025802333024330437,38.50843112468802,303.770060357695,True
django__django-11179,zstd-19,8699904,2825529,3.079,2.075641297036782,0.031463334104046226,0.013258024933747947,0.0017732300329953432,2.062383272103034,0.029690104071050882,3.997258587909553,263.6998028423507,True
django__django-11206,lz4,11448320,6867910,1.667,0.03889205295126885,0.026743595022708178,0.0015688580460846424,0.001207471010275185,0.03732319490518421,0.025536124012432992,280.7249276267326,408.24611428379296,True
django__django-11206,zstd-1,11448320,5380880,2.128,0.044707261957228184,0.03391779900994152,0.001840285025537014,0.0015409860061481595,0.04286697693169117,0.03237681300379336,244.21018581825282,321.8949657317055,True
django__django-11206,zstd-3,11448320,4907946,2.333,0.07127159205265343,0.03556498303078115,0.0022156089544296265,0.0014904610579833388,0.0690559830982238,0.03407452197279781,153.18822598959363,306.9864743236515,True
django__django-11206,zstd-9,11448320,4589778,2.494,0.30522781098261476,0.03502350894268602,0.0035090799210593104,0.0014908619923517108,0.30171873106155545,0.03353264695033431,35.76990155271883,311.7325784765494,True
django__django-11206,zstd-19,11448320,4055334,2.823,2.848875810042955,0.04137790796812624,0.013315186952240765,0.001817152020521462,2.835560623090714,0.039560755947604775,3.8323779195679926,263.8598538720277,True
django__django-11211,lz4,15540224,8396506,1.851,0.04807659599464387,0.035701652988791466,0.0014470500173047185,0.0013149520382285118,0.04662954597733915,0.034386700950562954,308.2645972200508,415.1155831538903,True
django__django-11211,zstd-1,15540224,6447275,2.41,0.05561299796681851,0.04456879699137062,0.0017734910361468792,0.0014752020360901952,0.05383950693067163,0.04309359495528042,266.4900840059465,332.5266442096137,True
django__django-11211,zstd-3,15540224,5883178,2.641,0.08324647194240242,0.04645795491524041,0.0023494201013818383,0.0014673969708383083,0.08089705184102058,0.0449905579444021,178.02931648868022,319.0048405496695,True
django__django-11211,zstd-9,15540224,5498314,2.826,0.3695428550709039,0.04553956596646458,0.0035135989310219884,0.0016197330551221967,0.3660292561398819,0.04391983291134238,40.104448771324336,325.43815878512555,True
django__django-11211,zstd-19,15540224,4728391,3.287,3.8055360310245305,0.05151464801747352,0.012742099002934992,0.0017291479744017124,3.7927939320215955,0.049785500043071806,3.8944086665262923,287.6912309480019,True
django__django-11239,lz4,11452416,6868487,1.667,0.03902514197397977,0.027355242054909468,0.0014254789566621184,0.001150634023360908,0.03759966301731765,0.02620460803154856,279.86765576105324,399.2607697667893,True
django__django-11239,zstd-1,11452416,5381376,2.128,0.044765871949493885,0.03415740793570876,0.0018233240116387606,0.001450846903026104,0.042942547937855124,0.03270656103268266,243.97771168899305,319.7512826663313,True
django__django-11239,zstd-3,11452416,4906739,2.334,0.07118523109238595,0.03609827195759863,0.0021619629114866257,0.0015013660304248333,0.06902326818089932,0.03459690592717379,153.42894631929087,302.5594968321181,True
django__django-11239,zstd-9,11452416,4589369,2.495,0.29874792508780956,0.03534603305160999,0.0032446549739688635,0.001686778967268765,0.2955032701138407,0.03365925408434123,36.5588313183758,308.9986076811671,True
django__django-11239,zstd-19,11452416,4060434,2.82,2.84578676300589,0.0410048789344728,0.01321040594484657,0.0017719280440360308,2.8325763570610434,0.03923295089043677,3.8379105356662997,266.35549924323715,True
