task_id,orig_exit_status,hit_step_limit,orig_steps,n_actions,actions_replayed,returncode_mismatches,replay_s,triggered,step,action,command,pids,orig_p_usage_bytes,peak_usage_during_replay_bytes,usage_at_trigger_bytes,freeze_usage_in_bytes,freeze_rss,freeze_cache,freeze_shmem,freeze_mapped_file,freeze_dirty,freeze_kmem_usage_in_bytes,writable_layer_bytes,freeze_latency_s,demote_s,demote_flush_s,demote_cache_write_s,demote_reclaim_s,cache_snapshot_bytes,demoted_bytes,swapped_bytes,residual_bytes,residual_kmem_bytes,cache_pages_still_resident_after_demote,promote_s,promote_process_s,promote_cache_s,promote_bytes_read,promote_read_errors,usage_after_promote_bytes,promote_recovered_fraction,error,variant,promote_files_s,promote_snapshot_s,promote_snapshot_bytes_read,snapshot_pages_resident_before_promote
django__django-11265,RepeatedFormatError,False,27,24,24,0,16.423069528,True,24,1,"mkdir -p /testbed/reproduction && cat > /testbed/reproduction/test_filtered_relation_exclude.py << 'EOL'
# Script to reproduce the FilteredRelation exclude issue
from django.db import models
from django.db.models import Q, FilteredRelation

class Book(models.Model):
    title = models.CharField(max_length=100)

    def __str__(self):
        return self.title

class Author(models.Model):
    name = models.CharField(max_length=100)
    books = models.ManyToManyField(Book, related_name='authors')

    def __str__(self):
        return self.name

# Create test data
author1 = Author.objects.create(name='Author 1')
author2 = Author.objects.create(name='Author 2')

book1 = Book.objects.create(title='Poem by Alice')
book2 = Book.objects.create(title='Another Book')

author1.books.add(book1)
author2.books.add(book2)

# This works
result1 = Author.objects.annotate(
    book_alice=FilteredRelation('books', condition=Q(books__title__iexact='poem by alice'))
).filter(book_alice__isnull=False)

print(f""Filter result: {list(result1)}"")

# This should work but currently fails
try:
    result2 = Author.objects.annotate(
        book_alice=FilteredRelation('books', condition=Q(books__title__iexact='poem by alice'))
    ).exclude(book_alice__isnull=False)
    print(f""Exclude result: {list(result2)}"")
except Exception as e:
    print(f""Error: {type(e).__name__}: {e}"")
EOL",1,68963573,219971584,205606912,205606912,94208,179408896,0,1613824,4096,25165824,29003,0.000212127,0.397321284,0.000435836,1.6631e-05,0.396868817,0,194822144,86016,10784768,10420224,2,0.806168772,0.003765238,0.802334865,152853480,0,161636352,0.7861425981632368,,no-snapshot,0.802330006,4.859e-06,0,
django__django-11276,Submitted,False,83,83,83,0,18.120247284,True,83,1,echo COMPLETE_TASK_AND_SUBMIT_FINAL_OUTPUT && cat patch.txt,1,30219714,249593856,185253888,185253888,90112,157556736,0,1503232,24576,26886144,1031371,0.00021935,0.437339545,0.001122341,5.831e-06,0.436211373,0,175411200,61440,9842688,9715712,2,0.821164296,0.003646417,0.817439543,134065100,0,137977856,0.7448041036526046,,no-snapshot,0.817435435,4.108e-06,0,
django__django-11292,Submitted,False,24,26,26,0,5.740142933,True,24,1,echo COMPLETE_TASK_AND_SUBMIT_FINAL_OUTPUT && cat patch.txt,1,23745740,105013248,94605312,94605312,98304,78069760,0,1626112,20480,15880192,83700,0.000196558,0.22603808,0.001030449,4.538e-06,0.225003093,0,82427904,45056,12177408,11841536,2,0.332739726,0.003509571,0.329165023,61142469,0,65613824,0.6935532753171407,,no-snapshot,0.329159973,5.05e-06,0,
django__django-11299,Submitted,False,62,63,63,0,22.184756401,True,62,1,echo COMPLETE_TASK_AND_SUBMIT_FINAL_OUTPUT && cat patch.txt,1,29342105,156794880,146206720,146206720,94208,119189504,0,1626112,483328,26198016,1572975,0.000210814,0.317461917,0.000466854,4.849e-06,0.316990214,0,134193152,61440,12013568,11952128,2,0.7624685090000001,0.003191635,0.759211252,91945921,0,100151296,0.6849978988653873,,no-snapshot,0.759207424,3.828e-06,0,
django__django-11333,Submitted,False,23,20,20,0,4.296557496,True,23,1,echo COMPLETE_TASK_AND_SUBMIT_FINAL_OUTPUT && cat patch.txt,1,16900096,83849216,74248192,74248192,98304,63713280,0,1503232,40960,9871360,88176,0.000309319,0.175081214,0.000263884,4.629e-06,0.174812701,0,65064960,61440,9183232,8978432,2,0.077614035,0.003216432,0.074356997,53076926,0,52875264,0.7121421084569979,,no-snapshot,0.074353321,3.676e-06,0,
django__django-11400,Submitted,False,45,43,43,0,9.726423575,True,45,1,echo COMPLETE_TASK_AND_SUBMIT_FINAL_OUTPUT && cat patch.txt,1,18790400,172265472,159731712,159719424,90112,131825664,0,1581056,135168,26767360,919836,0.000212458,0.372636521,0.00133494,3.837e-06,0.371297744,0,149434368,90112,10285056,10190848,2,0.8139726209999999,0.003439299,0.81046783,105532883,0,114225152,0.7151613068677233,,no-snapshot,0.810464334,3.496e-06,0,
django__django-11433,Submitted,False,53,55,55,0,10.908666096,True,53,1,echo COMPLETE_TASK_AND_SUBMIT_FINAL_OUTPUT && cat patch.txt,1,17225646,84459520,70967296,70967296,98304,59904000,0,1581056,24576,9748480,200612,0.000180798,0.154218112,0.000794137,4.308e-06,0.153419667,0,61739008,61440,9228288,8769536,2,0.074999555,0.003394425,0.07156747,49759600,0,49512448,0.6976797876024472,,no-snapshot,0.071563954,3.516e-06,0,
django__django-11451,Submitted,False,21,18,18,0,4.008181628,True,21,1,echo COMPLETE_TASK_AND_SUBMIT_FINAL_OUTPUT && cat patch.txt,1,14781521,84697088,84455424,84455424,98304,72237056,0,1622016,28672,11870208,44945,0.000182593,0.16896669,0.00026715,4.889e-06,0.168694651,0,72835072,61440,11620352,10993664,2,0.170237049,0.003153544,0.167029794,59327446,0,60981248,0.7220524758717688,,no-snapshot,0.16702744,2.354e-06,0,
django__django-11477,Submitted,False,77,78,78,0,18.74197495,True,77,1,echo COMPLETE_TASK_AND_SUBMIT_FINAL_OUTPUT && cat patch.txt,1,29091225,143073280,125468672,125468672,98304,106516480,0,1507328,376832,17969152,1939852,0.000234609,0.265687405,0.004686734,5.871e-06,0.2609948,0,109105152,98304,16363520,12488704,2,0.408502168,0.00380867,0.404633966,95485960,0,92164096,0.7345586314964743,,no-snapshot,0.404629367,4.599e-06,0,
django__django-11490,Submitted,False,25,27,27,0,6.538449822,True,25,1,echo COMPLETE_TASK_AND_SUBMIT_FINAL_OUTPUT && cat patch.txt,1,21558886,114089984,101896192,101896192,94208,89112576,0,1503232,2437120,12042240,2205463,0.000171301,0.234105246,0.005555842,5.43e-06,0.228543974,0,90341376,94208,11554816,10977280,2,0.186656733,0.003661415,0.182938161,86530089,0,78008320,0.7655665876110463,,no-snapshot,0.182933592,4.569e-06,0,
django__django-11532,RepeatedFormatError,False,65,61,61,0,14.763923753,True,62,1,cp /testbed/django/core/mail/message.py /testbed/django/core/mail/message.py.bak,1,8063016,110592000,93257728,93257728,94208,80465920,0,1626112,49152,12054528,1858545,0.000228939,0.223985888,0.004937093,5.671e-06,0.219043124,0,81915904,94208,11341824,10846208,2,0.174111643,0.003640566,0.170417316,77494907,0,69459968,0.7448172874209417,,no-snapshot,0.170414591,2.725e-06,0,
django__django-11551,Submitted,False,9,9,9,0,2.696295156,True,9,1,echo COMPLETE_TASK_AND_SUBMIT_FINAL_OUTPUT && cat patch.txt,1,20908441,99598336,96555008,96555008,94208,80044032,0,1613824,94208,16068608,128070,0.000196237,0.223648159,0.000285274,5.209e-06,0.223357676,0,83181568,94208,13373440,13279232,2,0.342393076,0.00389363,0.338443862,62707551,0,67244032,0.6964323590548509,,no-snapshot,0.338439324,4.538e-06,0,
django__django-11555,Submitted,False,63,58,58,0,15.888787113,True,63,1,echo COMPLETE_TASK_AND_SUBMIT_FINAL_OUTPUT && cat patch.txt,1,23923998,119947264,107556864,107556864,94208,89600000,0,1458176,0,17362944,147612,0.000172503,0.251949619,0.000248846,4.028e-06,0.251696745,0,91222016,94208,16334848,16117760,2,0.407110128,0.003700909,0.403350709,70161130,0,75390976,0.7009406298792795,,no-snapshot,0.40334589,4.819e-06,0,
django__django-11603,RepeatedFormatError,False,7,4,4,0,1.257923976,True,4,1,cat django/db/models/aggregates.py,1,12125798,46903296,49205248,49205248,94208,39432192,0,1507328,4096,9220096,19544,0.000186259,0.109980287,0.000621163,4.018e-06,0.109355106,0,40550400,94208,8654848,8413184,2,0.056853954000000005,0.003611191,0.053205302,31001389,0,30539776,0.6206609506368101,,no-snapshot,0.053202857,2.445e-06,0,
django__django-11728,Submitted,False,27,32,32,0,8.467501091,True,27,1,echo COMPLETE_TASK_AND_SUBMIT_FINAL_OUTPUT && cat patch.txt,1,23616880,230227968,216776704,216776704,94208,190038016,0,1605632,16384,25313280,52331,0.000197519,0.43283784,0.000381965,4.839e-06,0.432451036,0,208445440,94208,8331264,7970816,2,0.85125783,0.003492469,0.847694418,163561687,0,172224512,0.7944788753684529,,no-snapshot,0.847690811,3.607e-06,0,
django__django-11734,Submitted,False,67,65,65,0,14.423789091,True,67,1,echo COMPLETE_TASK_AND_SUBMIT_FINAL_OUTPUT && cat patch.txt,1,24087388,180613120,169656320,169656320,94208,140476416,0,1503232,1376256,28172288,3096824,0.00024027,0.364611606,0.004944928,5.991e-06,0.359660687,0,156221440,81920,13434880,13062144,2,0.856482027,0.003515421,0.8528883,121636899,0,120524800,0.7104056011588604,,no-snapshot,0.852884634,3.666e-06,0,
django__django-11740,LimitsExceeded,True,250,249,249,1,64.187765021,True,250,1,"cd /testbed && git reset --hard && sed -i '/self.add_operation(/i \
                # Add dependencies for foreign keys\n                dependencies = []\n                if hasattr(field, ""remote_field"") and getattr(field.remote_field, ""model"", None):\n                    dependencies.extend(self._get_dependencies_for_foreign_key(field))' django/db/migrations/autodetector.py && sed -i '/self.add_operation(/ s/$/, dependencies=dependencies)/' django/db/migrations/autodetector.py && git diff django/db/migrations/autodetector.py | grep -A 820 ""generate_altered_fields""",1,108948930,267472896,233963520,233963520,94208,189591552,0,1511424,2396160,43380736,51986762,0.000169157,0.596782624,0.153951427,2.054e-06,0.442829143,0,226803712,94208,7159808,4739072,2,0.86989475,0.003586309,0.866239462,153910558,0,158679040,0.6782212885154062,,no-snapshot,0.866235975,3.487e-06,0,
django__django-11749,RepeatedFormatError,False,30,29,29,0,7.350390194,True,27,1,cat patch.txt,1,22448046,112386048,112570368,112570368,94208,94990336,0,1617920,184320,16818176,434940,0.000182992,0.230984918,0.001639628,4.739e-06,0.229340551,0,96624640,94208,15945728,15450112,2,0.384422573,0.003534302,0.380823951,80692517,0,81682432,0.7256121966306444,,no-snapshot,0.380819111,4.84e-06,0,
django__django-11790,RepeatedFormatError,False,24,19,19,0,4.504995556,True,21,1,"grep -A 20 ""autocapitalize"" ./tests/auth_tests/test_forms.py",1,22725017,91086848,77238272,77238272,98304,60727296,0,1589248,8192,15732736,19544,0.000164908,0.149709558,0.000191358,4.639e-06,0.149513561,0,62324736,98304,14913536,14774272,2,0.333671903,0.003672411,0.329933007,44466801,0,48828416,0.6321790316593308,,no-snapshot,0.329928127,4.88e-06,0,
django__django-11815,Submitted,False,27,31,31,0,6.59878885,True,27,1,echo COMPLETE_TASK_AND_SUBMIT_FINAL_OUTPUT && cat patch.txt,1,18965790,92995584,80564224,80564224,90112,68558848,0,1589248,36864,11124736,74206,0.000163807,0.18647416,0.000776764,4.478e-06,0.185692918,0,70373376,90112,10190848,10166272,2,0.090772723,0.003903024,0.086830165,56105125,0,56385536,0.6998830647211348,,no-snapshot,0.086825707,4.458e-06,0,
django__django-11820,Submitted,False,30,32,32,0,12.633103799,True,30,1,echo COMPLETE_TASK_AND_SUBMIT_FINAL_OUTPUT && cat patch.txt,1,27229265,137338880,125251584,125251584,94208,105926656,0,1622016,237568,18812928,2201589,0.000192971,0.286721392,0.010210625,5.711e-06,0.276505056,0,107298816,90112,17952768,17432576,2,0.41600152700000004,0.003708499,0.412228216,96142585,0,91852800,0.7333464142058276,,no-snapshot,0.412224129,4.087e-06,0,
django__django-11848,Submitted,False,69,67,67,0,13.133097034,True,69,1,echo COMPLETE_TASK_AND_SUBMIT_FINAL_OUTPUT && cat patch.txt,1,14581760,82292736,67973120,67973120,98304,63729664,0,1605632,806912,3497984,896224,0.000180738,0.163889205,0.000565658,4.76e-06,0.163318787,0,64585728,98304,3387392,2945024,2,0.10807478,0.003440441,0.104587291,73245744,0,59457536,0.8747213015968666,,no-snapshot,0.1045817,5.591e-06,0,
django__django-11880,RepeatedFormatError,False,14,10,10,0,2.723822608,True,11,1,python reproduce_bug.py,1,17444864,71352320,77430784,77430784,94208,65777664,0,1597440,602112,11231232,573359,0.000186419,0.152466906,0.001555199,5.21e-06,0.150906497,0,66342912,94208,11087872,10465280,2,0.124608803,0.00398759,0.120573023,60398873,0,54943744,0.7095852729581041,,no-snapshot,0.120568795,4.228e-06,0,
django__django-11885,Submitted,False,45,46,46,0,9.391631596,True,45,1,echo COMPLETE_TASK_AND_SUBMIT_FINAL_OUTPUT && cat patch.txt,1,12168191,94453760,80039936,80039936,98304,69283840,0,1617920,20480,10412032,911631,0.000175889,0.143651536,0.00040601,4.429e-06,0.143241097,0,70496256,98304,9543680,9519104,2,0.091979745,0.003694553,0.088242452,58167430,0,57962496,0.7241696944885113,,no-snapshot,0.088239196,3.256e-06,0,
django__django-11951,Submitted,False,13,13,13,0,3.489454059,True,13,1,echo COMPLETE_TASK_AND_SUBMIT_FINAL_OUTPUT && cat patch.txt,1,19338977,99082240,104472576,104472576,94208,85598208,0,1613824,90112,18436096,117968,0.000177473,0.190597901,0.000235561,4.077e-06,0.190358263,0,87248896,61440,17223680,17182720,2,0.499913716,0.003165192,0.496688732,66586319,0,69971968,0.6697639771034266,,no-snapshot,0.496683512,5.22e-06,0,
django__django-11964,LimitsExceeded,True,250,248,248,0,56.772107687,True,250,1,python fix_pre_save.py,1,21594275,99979264,72957952,72957952,94208,66662400,0,1597440,0,5795840,3430212,0.000190357,0.184879517,0.006087545,4.959e-06,0.178787013,0,67698688,94208,5259264,5136384,2,0.195658202,0.003414481,0.192183579,81736634,0,62279680,0.8536379968560521,,no-snapshot,0.192180474,3.105e-06,0,
django__django-11999,Submitted,False,34,33,33,0,10.982636944,True,34,1,echo COMPLETE_TASK_AND_SUBMIT_FINAL_OUTPUT && cat patch.txt,1,26602209,121643008,120393728,120393728,98304,102875136,0,1617920,0,16891904,2227597,0.00018733,0.234590391,0.005409634,5.821e-06,0.229174936,0,104488960,98304,15904768,15671296,2,0.381843378,0.003634262,0.378143924,95820819,0,89894912,0.7466743782533256,,no-snapshot,0.378139055,4.869e-06,0,
django__django-12039,Submitted,False,27,26,26,0,5.784589546,True,27,1,echo COMPLETE_TASK_AND_SUBMIT_FINAL_OUTPUT && cat patch.txt,1,16752230,86601728,81473536,81473536,94208,71761920,0,1597440,278528,9334784,269402,0.000185317,0.175934347,0.007241222,5.05e-06,0.168688075,0,72925184,94208,8548352,8491008,2,0.114173049,0.003432955,0.110685161,67436690,0,62369792,0.7655220954200392,,no-snapshot,0.110681815,3.346e-06,0,
django__django-12050,Submitted,False,13,11,11,0,3.536418431,True,13,1,echo COMPLETE_TASK_AND_SUBMIT_FINAL_OUTPUT && cat patch.txt,1,25590169,131170304,118054912,118054912,94208,100593664,0,1458176,1515520,17235968,1493357,0.000240259,0.226173645,0.003342586,6.582e-06,0.222824477,0,104407040,94208,13647872,13434880,2,0.40800116799999997,0.003644902,0.404290734,88810905,0,87195648,0.7386024564568732,,no-snapshot,0.404286907,3.827e-06,0,
django__django-12125,Submitted,False,62,61,61,0,14.763879565,True,62,1,echo COMPLETE_TASK_AND_SUBMIT_FINAL_OUTPUT && cat patch.txt,1,23316725,105111552,97841152,97841152,90112,85893120,0,1511424,421888,11460608,2309336,0.000187341,0.201533804,0.005454773,5.39e-06,0.196073641,0,87138304,90112,10702848,10375168,2,0.188584207,0.003720135,0.184809289,86977165,0,76849152,0.7854481517143216,,no-snapshot,0.184806644,2.645e-06,0,
django__django-12143,Submitted,False,29,29,29,0,6.13667319,True,29,1,echo COMPLETE_TASK_AND_SUBMIT_FINAL_OUTPUT && cat patch.txt,1,18654658,82989056,77705216,77705216,98304,66461696,0,1507328,20480,10358784,219956,0.000183263,0.137989562,0.000821498,4.729e-06,0.137163335,0,67719168,61440,9986048,9400320,2,0.08773014500000001,0.00338749,0.084297341,55547846,0,55664640,0.7163565441990406,,no-snapshot,0.084293313,4.028e-06,0,
django__django-12155,Submitted,False,39,39,39,0,9.658585517,True,39,1,echo COMPLETE_TASK_AND_SUBMIT_FINAL_OUTPUT && cat patch.txt,1,25259376,180219904,180461568,180461568,94208,151355392,0,1589248,389120,28217344,2439497,0.000188653,0.398022299,0.005108531,4.589e-06,0.392909179,0,170467328,94208,9994240,9662464,2,0.908185707,0.003679246,0.904440177,129803998,0,131506176,0.7287212311044532,,no-snapshot,0.904435818,4.359e-06,0,
django__django-12193,Submitted,False,29,31,31,0,11.372161763,True,29,1,echo COMPLETE_TASK_AND_SUBMIT_FINAL_OUTPUT && cat patch.txt,1,50955468,175575040,146079744,146079744,98304,124755968,0,1597440,348160,20480000,13947023,0.000194614,0.365500913,0.007499005,9.93e-07,0.358000915,0,138182656,98304,7897088,7516160,2,0.5353174660000001,0.003615126,0.531631508,116836048,0,109223936,0.7477007626738448,,no-snapshot,0.53162706,4.448e-06,0,
django__django-12209,Submitted,False,131,132,132,0,31.289155868,True,131,1,echo COMPLETE_TASK_AND_SUBMIT_FINAL_OUTPUT && cat patch.txt,1,23568343,248406016,196739072,196739072,98304,167317504,0,1585152,0,28631040,3399499,0.000172512,0.451894967,0.006441237,5.019e-06,0.445448711,0,194555904,98304,2183168,1277952,2,0.9370486219999999,0.00383011,0.933150054,149705475,0,149536768,0.7600766155896069,,no-snapshot,0.9331475,2.554e-06,0,
django__django-12262,Submitted,False,70,69,69,0,15.419345426,True,70,1,echo COMPLETE_TASK_AND_SUBMIT_FINAL_OUTPUT && cat patch.txt,1,20328120,115847168,102584320,102584320,94208,90091520,0,1449984,188416,11968512,1919309,0.000215012,0.229700512,0.005223247,5.601e-06,0.224471664,0,91475968,94208,11108352,10915840,2,0.183418683,0.003630696,0.17973628,86309175,0,78606336,0.7662607306847674,,no-snapshot,0.179731681,4.599e-06,0,
django__django-12273,Submitted,False,31,30,30,0,5.690499452,True,31,1,echo COMPLETE_TASK_AND_SUBMIT_FINAL_OUTPUT && cat patch.txt,1,15824076,59039744,56983552,56983552,98304,53399552,0,1589248,847872,2777088,1018693,0.000183644,0.127519477,0.002508947,5.11e-06,0.12500542,0,54706176,98304,2277376,2244608,2,0.079146542,0.003461902,0.075646919,55896443,0,48898048,0.8581081081081081,,no-snapshot,0.075643483,3.436e-06,0,
django__django-12276,Submitted,False,67,64,64,0,13.054431941,True,67,1,echo COMPLETE_TASK_AND_SUBMIT_FINAL_OUTPUT && cat patch.txt,1,19448135,112840704,101576704,101576704,98304,88330240,0,1617920,69632,12787712,725594,0.000216164,0.204917989,0.001781144,4.789e-06,0.203132056,0,89673728,98304,11902976,11767808,2,0.238523538,0.003630045,0.234833501,82021453,0,77373440,0.761724263075124,,no-snapshot,0.234830295,3.206e-06,0,
django__django-12304,RepeatedFormatError,False,8,6,6,0,2.094101917,True,5,1,"grep -A 10 -B 10 ""do_not_call_in_templates"" ./django/template/base.py",1,14447124,84635648,79036416,79036416,94208,61743104,0,1581056,4096,16060416,19544,0.000181731,0.142165457,0.000117981,4.448e-06,0.142043028,0,65605632,61440,13430784,12914688,2,0.335889715,0.003220061,0.332601486,44880693,0,49516544,0.6265029021558872,,no-snapshot,0.33259835,3.136e-06,0,
django__django-12308,Submitted,False,67,70,70,0,14.388958582,True,67,1,echo COMPLETE_TASK_AND_SUBMIT_FINAL_OUTPUT && cat patch.txt,1,20375511,113053696,98717696,98717696,94208,83087360,0,1449984,28672,14721024,97237,0.000189264,0.217503015,0.000458328,4.538e-06,0.217040149,0,84701184,61440,14016512,13668352,2,0.265976317,0.003368025,0.262551115,67096524,0,70352896,0.7126675241691216,,no-snapshot,0.262545946,5.169e-06,0,
django__django-12325,RepeatedFormatError,False,41,38,38,0,9.380402404,True,38,1,python3 fix_indentation.py && python3 reproduce_issue.py,1,23899668,124977152,113315840,113315840,94208,93855744,0,1462272,978944,18698240,2216297,0.000248816,0.25219806,0.005013253,5.26e-06,0.247179547,0,97431552,61440,15884288,15220736,2,0.43132038699999997,0.00338215,0.427871622,83796786,0,79802368,0.704247243809868,,no-snapshot,0.427867525,4.097e-06,0,
django__django-12406,Submitted,False,68,66,66,0,16.287315173,True,68,1,echo COMPLETE_TASK_AND_SUBMIT_FINAL_OUTPUT && cat patch.txt,1,30255226,240558080,198819840,198819840,94208,168927232,0,1613824,4096,28766208,3320272,0.000185266,0.438229876,0.006232396,5.47e-06,0.43199201,0,193949696,81920,4870144,4468736,2,0.88950789,0.003401527,0.886041321,151828552,0,151207936,0.7605274000824063,,no-snapshot,0.886038306,3.015e-06,0,
django__django-12419,Submitted,False,28,26,26,0,7.835554451,True,28,1,echo COMPLETE_TASK_AND_SUBMIT_FINAL_OUTPUT && cat patch.txt,1,31118376,258826240,238690304,238690304,94208,210821120,0,1585152,2056192,27140096,1892414,0.000237856,0.384015204,0.004589972,5.23e-06,0.379420002,0,229933056,94208,8757248,8564736,2,0.913623395,0.00365924,0.909895988,191030514,0,191946752,0.8041665236640697,,no-snapshot,0.909891209,4.779e-06,0,
django__django-12663,Submitted,False,107,105,105,0,22.807284959,True,107,1,echo COMPLETE_TASK_AND_SUBMIT_FINAL_OUTPUT && cat patch.txt,1,25089843,121774080,105881600,105881600,94208,91598848,0,1630208,12288,12693504,2891160,0.000183934,0.229969873,0.006973476,5.59e-06,0.222990807,0,94269440,77824,11612160,11526144,2,0.311606571,0.003679289,0.307868422,91182910,0,81203200,0.7669245647969052,,no-snapshot,0.307863843,4.579e-06,0,
django__django-12708,RepeatedFormatError,False,78,75,75,0,17.550922995,True,75,1,python create_schema.py,1,20428800,138338304,111403008,111403008,94208,96317440,0,1626112,24576,14336000,2935829,0.000185597,0.197158183,0.005991941,4.889e-06,0.191161353,0,97529856,61440,13873152,13385728,2,0.220725413,0.003250337,0.217419983,90437218,0,82804736,0.7432899477902787,,no-snapshot,0.217416547,3.436e-06,0,
django__django-12713,Submitted,False,18,15,15,0,3.978280477,True,18,1,echo COMPLETE_TASK_AND_SUBMIT_FINAL_OUTPUT && cat patch.txt,1,21300838,105738240,99684352,99684352,98304,82264064,0,1449984,16384,16592896,223265,0.000233908,0.193053945,0.000266169,5.099e-06,0.192782677,0,86085632,98304,13598720,13062144,2,0.357544296,0.003653079,0.353829401,63444613,0,68792320,0.6901014915560669,,no-snapshot,0.353824873,4.528e-06,0,
django__django-12741,Submitted,False,12,12,12,0,3.866261467,True,12,1,echo COMPLETE_TASK_AND_SUBMIT_FINAL_OUTPUT && cat patch.txt,1,24942182,223547392,214417408,214413312,90112,188416000,0,1511424,12288,25600000,84260,0.000175368,0.359373705,0.000377416,4.649e-06,0.35899164,0,207581184,90112,6832128,6615040,2,0.874468602,0.003430693,0.870967777,160742853,0,170086400,0.7932641794181138,,no-snapshot,0.870964711,3.066e-06,0,
django__django-12754,Submitted,False,135,136,136,4,37.495990962,True,135,1,echo COMPLETE_TASK_AND_SUBMIT_FINAL_OUTPUT && cat patch.txt,1,38825902,128229376,96833536,96833536,98304,81690624,0,1589248,0,14331904,3410840,0.000241963,0.229466285,0.008490868,5.731e-06,0.220969686,0,83398656,61440,13434880,13193216,2,0.226575041,0.003934057,0.222577716,78688246,0,69423104,0.7169324478659955,,no-snapshot,0.222574019,3.697e-06,0,
django__django-12774,Submitted,False,42,42,42,0,10.433354691,True,42,1,echo COMPLETE_TASK_AND_SUBMIT_FINAL_OUTPUT && cat patch.txt,1,23799070,115548160,102944768,102944768,90112,89563136,0,1490944,61440,12668928,2321040,0.000178023,0.195552407,0.00550593,5.41e-06,0.190041067,0,90898432,61440,12046336,11628544,2,0.19432929699999998,0.003757305,0.190519133,87269116,0,78331904,0.7609119484343294,,no-snapshot,0.190516317,2.816e-06,0,
django__django-12858,Submitted,False,54,53,53,0,12.900102905,True,54,1,echo COMPLETE_TASK_AND_SUBMIT_FINAL_OUTPUT && cat patch.txt,1,26444103,133451776,126087168,126087168,94208,107425792,0,1605632,94208,18034688,2255545,0.000185437,0.296514171,0.004942193,5.39e-06,0.291566588,0,109981696,61440,16105472,15773696,2,0.439109888,0.003532143,0.435517933,98670362,0,93450240,0.7411558327648378,,no-snapshot,0.435512633,5.3e-06,0,
django__django-12965,Submitted,False,13,15,15,0,3.36496437,True,13,1,echo COMPLETE_TASK_AND_SUBMIT_FINAL_OUTPUT && cat patch.txt,1,17040670,68128768,67448832,67448832,94208,57499648,0,1613824,20480,9633792,43977,0.000213139,0.109420683,0.000339476,4.588e-06,0.109076619,0,58523648,90112,8925184,8798208,2,0.074748292,0.003527555,0.071184028,48056638,0,47771648,0.7082650148782413,,no-snapshot,0.071178999,5.029e-06,0,
django__django-13012,RepeatedFormatError,False,65,58,58,0,12.2225044,True,62,1,"sed -n '850,870p' django/db/models/expressions.py",1,14488698,167624704,155344896,155344896,94208,127557632,0,1507328,106496,26820608,1029660,0.000198502,0.314941817,0.00118585,4.909e-06,0.313751058,0,143495168,45056,11849728,11776000,2,0.778964528,0.003467963,0.775429419,99141612,0,108064768,0.6956441491325213,,no-snapshot,0.775425191,4.228e-06,0,
django__django-13023,Submitted,False,67,68,68,0,15.144509587,True,67,1,echo COMPLETE_TASK_AND_SUBMIT_FINAL_OUTPUT && cat patch.txt,1,22619095,129515520,127946752,127946752,90112,107667456,0,1617920,0,19640320,820795,0.00018691,0.254126481,0.001962825,4.488e-06,0.252159168,0,121511936,90112,6434816,6049792,2,0.5449184149999999,0.003455329,0.541392193,96321114,0,91971584,0.7188270320453308,,no-snapshot,0.541388917,3.276e-06,0,
django__django-13028,Submitted,False,20,20,20,0,5.133625866,True,20,1,echo COMPLETE_TASK_AND_SUBMIT_FINAL_OUTPUT && cat patch.txt,1,22934323,153387008,142217216,142217216,90112,114659328,0,1458176,0,26996736,1056687,0.000168956,0.25093728,0.000317054,4.188e-06,0.250616038,0,127377408,61440,14839808,13606912,2,0.80834859,0.003252901,0.805030777,87478391,0,97984512,0.6889778520203911,,no-snapshot,0.80502719,3.587e-06,0,
django__django-13033,Submitted,False,169,167,167,0,37.030109415,True,169,1,echo COMPLETE_TASK_AND_SUBMIT_FINAL_OUTPUT && cat patch.txt,1,24961228,151547904,137654272,137654272,94208,117739520,0,1458176,4096,19124224,2648590,0.000189004,0.299582181,0.007137633,5.601e-06,0.292438947,0,135311360,61440,2342912,2211840,2,0.584114725,0.003276033,0.580772338,115607017,0,102764544,0.746540899217425,,no-snapshot,0.58076778,4.558e-06,0,
django__django-13089,Submitted,False,12,12,12,0,2.769626917,True,12,1,echo COMPLETE_TASK_AND_SUBMIT_FINAL_OUTPUT && cat patch.txt,1,12579635,77295616,71213056,71213056,98304,60235776,0,1605632,28672,10080256,62635,0.000181329,0.102374295,0.000262551,4.288e-06,0.102107456,0,61997056,98304,9216000,9191424,2,0.07848010100000001,0.004095037,0.074347504,49775136,0,49823744,0.6996433912343265,,no-snapshot,0.074342765,4.739e-06,0,
django__django-13109,Submitted,False,50,49,49,0,12.256966157,True,50,1,echo COMPLETE_TASK_AND_SUBMIT_FINAL_OUTPUT && cat patch.txt,1,30640332,184238080,175214592,175214592,94208,145727488,0,1630208,40960,28712960,3485548,0.000193132,0.407315012,0.006094521,6.081e-06,0.40121441,0,171487232,65536,3727360,2867200,2,0.938219671,0.003661265,0.934490849,129920382,0,129187840,0.7373121069733736,,no-snapshot,0.934486571,4.278e-06,0,
django__django-13112,Submitted,False,42,42,42,0,20.744979471,True,42,1,echo COMPLETE_TASK_AND_SUBMIT_FINAL_OUTPUT && cat patch.txt,1,32956375,184557568,170618880,170618880,90112,144646144,0,1630208,4096,25362432,24230,0.000186229,0.348277099,0.000387806,5.43e-06,0.347883863,0,163401728,81920,7217152,7016448,2,0.803958413,0.003469896,0.800421732,118427965,0,127389696,0.7466330572560317,,no-snapshot,0.800418556,3.176e-06,0,
django__django-13121,Submitted,False,40,41,41,0,10.814592668,True,40,1,echo COMPLETE_TASK_AND_SUBMIT_FINAL_OUTPUT && cat patch.txt,1,26564034,164282368,152051712,152051712,98304,126787584,0,1585152,409600,24719360,2394556,0.000181449,0.316531211,0.006351491,4.679e-06,0.310175041,0,139653120,61440,12398592,11714560,2,0.745787538,0.00338607,0.742332138,111718955,0,108797952,0.7155325682883465,,no-snapshot,0.742327579,4.559e-06,0,
